date,avg_resting_hr,rhr_7day_avg
2020-07-19,73.0,
2020-07-20,76.0,
2020-07-21,62.0,
2020-07-22,77.0,
2020-07-23,74.0,
2020-07-24,78.0,
2020-07-25,77.0,73.85714285714286
2020-07-26,74.0,74.0
2020-07-27,79.0,74.42857142857143
2020-07-28,67.0,75.14285714285714
2020-07-29,77.0,75.14285714285714
2020-07-30,75.0,75.28571428571429
2020-07-31,71.0,74.28571428571429
2020-08-01,78.0,74.42857142857143
2020-08-02,76.0,74.71428571428571
2020-08-03,76.0,74.28571428571429
2020-08-04,72.0,75.0
2020-08-05,70.0,74.0
2020-08-06,72.0,73.57142857142857
2020-08-07,77.0,74.42857142857143
2020-08-08,73.0,73.71428571428571
2020-08-09,70.0,72.85714285714286
2020-08-10,72.0,72.28571428571429
2020-08-11,73.0,72.42857142857143
2020-08-12,75.0,73.14285714285714
2020-08-13,71.0,73.0
2020-08-14,63.0,71.0
2020-08-15,70.0,70.57142857142857
2020-08-16,70.0,70.57142857142857
2020-08-17,72.0,70.57142857142857
2020-08-18,77.0,71.14285714285714
2020-08-19,72.0,70.71428571428571
2020-08-20,73.0,71.0
2020-08-21,75.0,72.71428571428571
2020-08-22,73.0,73.14285714285714
2020-08-23,73.0,73.57142857142857
2020-08-24,73.0,73.71428571428571
2020-08-25,72.0,73.0
2020-08-26,72.0,73.0
2020-08-27,74.0,73.14285714285714
2020-08-28,73.0,72.85714285714286
2020-08-29,74.0,73.0
2020-08-30,81.0,74.14285714285714
2020-08-31,84.0,75.71428571428571
2020-09-01,79.0,76.71428571428571
2020-09-02,80.0,77.85714285714286
2020-09-03,77.0,78.28571428571429
2020-09-04,69.0,77.71428571428571
2020-09-05,74.0,77.71428571428571
2020-09-06,74.0,76.71428571428571
2020-09-07,75.0,75.42857142857143
2020-09-08,70.0,74.14285714285714
2020-09-09,71.0,72.85714285714286
2020-09-10,73.0,72.28571428571429
2020-09-11,72.0,72.71428571428571
2020-09-12,67.0,71.71428571428571
2020-09-13,69.0,71.0
2020-09-14,72.0,70.57142857142857
2020-09-15,71.0,70.71428571428571
2020-09-16,76.0,71.42857142857143
2020-09-17,71.0,71.14285714285714
2020-09-18,72.0,71.14285714285714
2020-09-19,74.0,72.14285714285714
2020-09-20,73.0,72.71428571428571
2020-09-21,73.0,72.85714285714286
2020-09-22,74.0,73.28571428571429
2020-09-23,74.0,73.0
2020-09-24,76.0,73.71428571428571
2020-09-25,73.0,73.85714285714286
2020-09-26,71.0,73.42857142857143
2020-09-27,75.0,73.71428571428571
2020-09-28,73.0,73.71428571428571
2020-09-29,73.0,73.57142857142857
2020-09-30,73.0,73.42857142857143
2020-10-01,73.0,73.0
2020-10-02,74.0,73.14285714285714
2020-10-03,79.0,74.28571428571429
2020-10-04,74.0,74.14285714285714
2020-10-05,73.0,74.14285714285714
2020-10-06,72.0,74.0
2020-10-07,73.0,74.0
2020-10-08,67.0,73.14285714285714
2020-10-09,66.0,72.0
2020-10-10,69.0,70.57142857142857
2020-10-11,73.0,70.42857142857143
2020-10-12,66.0,69.42857142857143
2020-10-13,80.0,70.57142857142857
2020-10-14,86.0,72.42857142857143
2020-10-15,77.0,73.85714285714286
2020-10-16,71.0,74.57142857142857
2020-10-17,72.0,75.0
2020-10-18,76.0,75.42857142857143
2020-10-19,72.0,76.28571428571429
2020-10-20,74.0,75.42857142857143
2020-10-21,77.0,74.14285714285714
2020-10-22,70.0,73.14285714285714
2020-10-23,68.0,72.71428571428571
2020-10-24,69.0,72.28571428571429
2020-10-25,76.0,72.28571428571429
2020-10-26,77.0,73.0
2020-10-27,73.0,72.85714285714286
2020-10-28,77.0,72.85714285714286
2020-10-29,78.0,74.0
2020-10-30,72.0,74.57142857142857
2020-10-31,68.0,74.42857142857143
2020-11-01,77.0,74.57142857142857
2020-11-02,74.0,74.14285714285714
2020-11-03,69.0,73.57142857142857
2020-11-04,68.0,72.28571428571429
2020-11-05,71.0,71.28571428571429
2020-11-06,65.0,70.28571428571429
2020-11-07,71.0,70.71428571428571
2020-11-08,74.0,70.28571428571429
2020-11-09,69.0,69.57142857142857
2020-11-10,66.0,69.14285714285714
2020-11-11,59.0,67.85714285714286
2020-11-12,69.0,67.57142857142857
2020-11-13,67.0,67.85714285714286
2020-11-14,67.0,67.28571428571429
2020-11-15,65.0,66.0
2020-11-16,69.0,66.0
2020-11-17,72.0,66.85714285714286
2020-11-18,71.0,68.57142857142857
2020-11-19,69.0,68.57142857142857
2020-11-20,69.0,68.85714285714286
2020-11-21,77.0,70.28571428571429
2020-11-22,69.0,70.85714285714286
2020-11-23,68.0,70.71428571428571
2020-11-24,64.0,69.57142857142857
2020-11-25,61.0,68.14285714285714
2020-11-26,75.0,69.0
2020-11-27,72.0,69.42857142857143
2020-11-28,72.0,68.71428571428571
2020-11-29,76.0,69.71428571428571
2020-11-30,70.0,70.0
2020-12-01,77.0,71.85714285714286
2020-12-02,71.0,73.28571428571429
2020-12-03,72.0,72.85714285714286
2020-12-04,73.0,73.0
2020-12-05,69.0,72.57142857142857
2020-12-06,65.0,71.0
2020-12-07,69.0,70.85714285714286
2020-12-08,72.0,70.14285714285714
2020-12-09,68.0,69.71428571428571
2020-12-10,79.0,70.71428571428571
2020-12-11,73.0,70.71428571428571
2020-12-12,75.0,71.57142857142857
2020-12-13,74.0,72.85714285714286
2020-12-14,77.0,74.0
2020-12-15,74.0,74.28571428571429
2020-12-16,71.0,74.71428571428571
2020-12-17,69.0,73.28571428571429
2020-12-18,78.0,74.0
2020-12-19,77.0,74.28571428571429
2020-12-20,74.0,74.28571428571429
2020-12-21,74.0,73.85714285714286
2020-12-22,71.0,73.42857142857143
2020-12-23,73.0,73.71428571428571
2020-12-24,74.0,74.42857142857143
2020-12-25,74.0,73.85714285714286
2020-12-26,74.0,73.42857142857143
2020-12-27,75.0,73.57142857142857
2020-12-28,70.0,73.0
2020-12-29,77.0,73.85714285714286
2020-12-30,65.0,72.71428571428571
2020-12-31,70.0,72.14285714285714
2021-01-01,58.0,69.85714285714286
2021-01-02,68.0,69.0
2021-01-03,73.0,68.71428571428571
2021-01-04,70.0,68.71428571428571
2021-01-05,66.0,67.14285714285714
2021-01-06,68.0,67.57142857142857
2021-01-07,70.0,67.57142857142857
2021-01-08,73.0,69.71428571428571
2021-01-09,75.0,70.71428571428571
2021-01-10,71.0,70.42857142857143
2021-01-11,69.0,70.28571428571429
2021-01-12,69.0,70.71428571428571
2021-01-13,67.0,70.57142857142857
2021-01-14,71.0,70.71428571428571
2021-01-15,70.0,70.28571428571429
2021-01-16,70.0,69.57142857142857
2021-01-17,72.0,69.71428571428571
2021-01-18,71.0,70.0
2021-01-19,65.0,69.42857142857143
2021-01-20,71.0,70.0
2021-01-21,67.0,69.42857142857143
2021-01-22,73.0,69.85714285714286
2021-01-23,73.0,70.28571428571429
2021-01-24,74.0,70.57142857142857
2021-01-25,72.0,70.71428571428571
2021-01-26,75.0,72.14285714285714
2021-01-27,72.0,72.28571428571429
2021-01-28,77.0,73.71428571428571
2021-01-29,70.0,73.28571428571429
2021-01-30,67.0,72.42857142857143
2021-01-31,78.0,73.0
2021-02-01,77.0,73.71428571428571
2021-02-02,72.0,73.28571428571429
2021-02-03,70.0,73.0
2021-02-04,75.0,72.71428571428571
2021-02-05,76.0,73.57142857142857
2021-02-06,77.0,75.0
2021-02-07,69.0,73.71428571428571
2021-02-08,78.0,73.85714285714286
2021-02-09,75.0,74.28571428571429
2021-02-10,72.0,74.57142857142857
2021-02-11,70.0,73.85714285714286
2021-02-12,67.0,72.57142857142857
2021-02-13,75.0,72.28571428571429
2021-02-14,65.0,71.71428571428571
2021-02-15,58.0,68.85714285714286
2021-02-16,72.0,68.42857142857143
2021-02-17,77.0,69.14285714285714
2021-02-18,73.0,69.57142857142857
2021-02-19,61.0,68.71428571428571
2021-02-20,74.0,68.57142857142857
2021-02-21,76.0,70.14285714285714
2021-02-22,71.0,72.0
2021-02-23,71.0,71.85714285714286
2021-02-24,72.0,71.14285714285714
2021-02-25,73.0,71.14285714285714
2021-02-26,72.0,72.71428571428571
2021-02-27,72.0,72.42857142857143
2021-02-28,70.0,71.57142857142857
2021-03-01,72.0,71.71428571428571
2021-03-02,76.0,72.42857142857143
2021-03-03,72.0,72.42857142857143
2021-03-04,80.0,73.42857142857143
2021-03-05,83.0,75.0
2021-03-06,79.0,76.0
2021-03-07,74.0,76.57142857142857
2021-03-08,71.0,76.42857142857143
2021-03-09,74.0,76.14285714285714
2021-03-10,76.0,76.71428571428571
2021-03-11,72.0,75.57142857142857
2021-03-12,74.0,74.28571428571429
2021-03-13,78.0,74.14285714285714
2021-03-14,66.0,73.0
2021-03-15,66.0,72.28571428571429
2021-03-16,71.0,71.85714285714286
2021-03-17,67.0,70.57142857142857
2021-03-18,70.0,70.28571428571429
2021-03-19,67.0,69.28571428571429
2021-03-20,71.0,68.28571428571429
2021-03-21,69.0,68.71428571428571
2021-03-22,72.0,69.57142857142857
2021-03-23,71.0,69.57142857142857
2021-03-24,83.0,71.85714285714286
2021-03-25,74.0,72.42857142857143
2021-03-26,69.0,72.71428571428571
2021-03-27,78.0,73.71428571428571
2021-03-28,79.0,75.14285714285714
2021-03-29,73.0,75.28571428571429
2021-03-30,75.0,75.85714285714286
2021-03-31,81.0,75.57142857142857
2021-04-01,80.0,76.42857142857143
2021-04-02,79.0,77.85714285714286
2021-04-03,81.0,78.28571428571429
2021-04-04,74.0,77.57142857142857
2021-04-05,72.0,77.42857142857143
2021-04-06,69.0,76.57142857142857
2021-04-07,70.0,75.0
2021-04-08,67.0,73.14285714285714
2021-04-09,73.0,72.28571428571429
2021-04-10,67.0,70.28571428571429
2021-04-11,67.0,69.28571428571429
2021-04-12,72.0,69.28571428571429
2021-04-13,68.0,69.14285714285714
2021-04-14,72.0,69.42857142857143
2021-04-15,65.0,69.14285714285714
2021-04-16,69.0,68.57142857142857
2021-04-17,73.0,69.42857142857143
2021-04-18,74.0,70.42857142857143
2021-04-19,70.0,70.14285714285714
2021-04-20,76.0,71.28571428571429
2021-04-21,68.0,70.71428571428571
2021-04-22,90.0,74.28571428571429
2021-04-23,83.0,76.28571428571429
2021-04-24,77.0,76.85714285714286
2021-04-25,80.0,77.71428571428571
2021-04-26,79.0,79.0
2021-04-27,81.0,79.71428571428571
2021-04-28,75.0,80.71428571428571
2021-04-29,74.0,78.42857142857143
2021-04-30,71.0,76.71428571428571
2021-05-01,73.0,76.14285714285714
2021-05-02,67.0,74.28571428571429
2021-05-03,77.0,74.0
2021-05-04,74.0,73.0
2021-05-05,73.0,72.71428571428571
2021-05-06,80.0,73.57142857142857
2021-05-07,82.0,75.14285714285714
2021-05-08,75.0,75.42857142857143
2021-05-09,83.0,77.71428571428571
2021-05-10,77.0,77.71428571428571
2021-05-11,75.0,77.85714285714286
2021-05-12,78.0,78.57142857142857
2021-05-13,72.0,77.42857142857143
2021-05-14,61.0,74.42857142857143
2021-05-15,70.0,73.71428571428571
2021-05-16,74.0,72.42857142857143
2021-05-17,80.0,72.85714285714286
2021-05-18,70.0,72.14285714285714
2021-05-19,72.0,71.28571428571429
2021-05-20,72.0,71.28571428571429
2021-05-21,83.0,74.42857142857143
2021-05-22,78.0,75.57142857142857
2021-05-23,73.0,75.42857142857143
2021-05-24,72.0,74.28571428571429
2021-05-25,78.0,75.42857142857143
2021-05-26,75.0,75.85714285714286
2021-05-27,67.0,75.14285714285714
2021-05-28,82.0,75.0
2021-05-29,67.0,73.42857142857143
2021-05-30,63.0,72.0
2021-05-31,76.0,72.57142857142857
2021-06-01,77.0,72.42857142857143
2021-06-02,77.0,72.71428571428571
2021-06-03,73.0,73.57142857142857
2021-06-04,71.0,72.0
2021-06-05,63.0,71.42857142857143
2021-06-06,87.0,74.85714285714286
2021-06-07,76.0,74.85714285714286
2021-06-08,70.0,73.85714285714286
2021-06-09,66.0,72.28571428571429
2021-06-10,76.0,72.71428571428571
2021-06-11,70.0,72.57142857142857
2021-06-12,70.0,73.57142857142857
2021-06-13,68.0,70.85714285714286
2021-06-14,71.0,70.14285714285714
2021-06-15,69.0,70.0
2021-06-16,71.0,70.71428571428571
2021-06-17,76.0,70.71428571428571
2021-06-18,75.0,71.42857142857143
2021-06-19,70.0,71.42857142857143
2021-06-20,83.0,73.57142857142857
2021-06-21,82.0,75.14285714285714
2021-06-22,68.0,75.0
2021-06-23,68.0,74.57142857142857
2021-06-24,69.0,73.57142857142857
2021-06-25,69.0,72.71428571428571
2021-06-26,71.0,72.85714285714286
2021-06-27,73.0,71.42857142857143
2021-06-28,68.0,69.42857142857143
2021-06-29,69.0,69.57142857142857
2021-06-30,78.0,71.0
2021-07-01,67.0,70.71428571428571
2021-07-02,72.0,71.14285714285714
2021-07-03,72.0,71.28571428571429
2021-07-04,72.0,71.14285714285714
2021-07-05,69.0,71.28571428571429
2021-07-06,71.0,71.57142857142857
2021-07-08,68.0,70.14285714285714
2021-07-09,73.0,71.0
2021-07-10,73.0,71.14285714285714
2021-07-11,70.0,70.85714285714286
2021-07-12,79.0,71.85714285714286
2021-07-13,69.0,71.85714285714286
2021-07-14,66.0,71.14285714285714
2021-07-15,73.0,71.85714285714286
2021-07-16,77.0,72.42857142857143
2021-07-17,89.0,74.71428571428571
2021-07-18,84.0,76.71428571428571
2021-07-19,80.0,76.85714285714286
2021-07-20,73.0,77.42857142857143
2021-07-21,77.0,79.0
2021-07-22,80.0,80.0
2021-07-23,72.0,79.28571428571429
2021-07-24,72.0,76.85714285714286
2021-07-25,73.0,75.28571428571429
2021-07-26,69.0,73.71428571428571
2021-07-27,73.0,73.71428571428571
2021-07-28,80.0,74.14285714285714
2021-07-29,73.0,73.14285714285714
2021-07-30,69.0,72.71428571428571
2021-07-31,66.0,71.85714285714286
2021-08-01,75.0,72.14285714285714
2021-08-02,83.0,74.14285714285714
2021-08-03,83.0,75.57142857142857
2021-08-04,78.0,75.28571428571429
2021-08-05,75.0,75.57142857142857
2021-08-06,75.0,76.42857142857143
2021-08-07,65.0,76.28571428571429
2021-08-08,69.0,75.42857142857143
2021-08-09,78.0,74.71428571428571
2021-08-10,73.0,73.28571428571429
2021-08-11,73.0,72.57142857142857
2021-08-12,85.0,74.0
2021-08-13,79.0,74.57142857142857
2021-08-14,85.0,77.42857142857143
2021-08-15,78.0,78.71428571428571
2021-08-16,84.0,79.57142857142857
2021-08-17,76.0,80.0
2021-08-18,80.0,81.0
2021-08-19,77.0,79.85714285714286
2021-08-20,78.0,79.71428571428571
2021-08-21,74.0,78.14285714285714
2021-08-22,78.0,78.14285714285714
2021-08-23,79.0,77.42857142857143
2021-08-24,77.0,77.57142857142857
2021-08-25,74.0,76.71428571428571
2021-08-26,85.0,77.85714285714286
2021-08-27,74.0,77.28571428571429
2021-08-28,73.0,77.14285714285714
2021-08-29,75.0,76.71428571428571
2021-08-30,82.0,77.14285714285714
2021-08-31,71.0,76.28571428571429
2021-09-01,77.0,76.71428571428571
2021-09-02,68.0,74.28571428571429
2021-09-03,98.0,77.71428571428571
2021-09-04,82.0,79.0
2021-09-05,87.0,80.71428571428571
2021-09-06,85.0,81.14285714285714
2021-09-07,74.0,81.57142857142857
2021-09-08,82.0,82.28571428571429
2021-09-09,88.0,85.14285714285714
2021-09-10,79.0,82.42857142857143
2021-09-11,77.0,81.71428571428571
2021-09-12,84.0,81.28571428571429
2021-09-13,77.0,80.14285714285714
2021-09-14,74.0,80.14285714285714
2021-09-15,74.0,79.0
2021-09-16,78.0,77.57142857142857
2021-09-17,64.0,75.42857142857143
2021-09-18,67.0,74.0
2021-09-19,75.0,72.71428571428571
2021-09-20,76.0,72.57142857142857
2021-09-21,77.0,73.0
2021-09-22,75.0,73.14285714285714
2021-09-23,80.5,73.5
2021-09-24,77.0,75.35714285714286
2021-09-26,90.0,78.64285714285714
2021-09-27,90.0,80.78571428571429
2021-09-28,82.0,81.64285714285714
2021-09-29,72.0,80.92857142857143
2021-09-30,81.0,81.78571428571429
2021-10-01,97.0,84.14285714285714
2021-10-03,72.0,83.42857142857143
2021-10-05,83.0,82.42857142857143
2021-10-06,82.0,81.28571428571429
2021-10-07,81.0,81.14285714285714
2021-10-08,76.0,81.71428571428571
2021-10-10,82.0,81.85714285714286
2021-10-11,79.0,79.28571428571429
2021-10-12,80.0,80.42857142857143
2021-10-13,74.0,79.14285714285714
2021-10-14,73.0,77.85714285714286
2021-10-15,75.0,77.0
2021-10-17,81.0,77.71428571428571
2021-10-18,80.0,77.42857142857143
2021-10-19,75.0,76.85714285714286
2021-10-20,78.0,76.57142857142857
2021-10-21,68.0,75.71428571428571
2021-10-22,76.0,76.14285714285714
2021-10-23,87.0,77.85714285714286
2021-10-24,69.0,76.14285714285714
2021-10-25,73.0,75.14285714285714
2021-10-26,80.0,75.85714285714286
2021-10-27,75.0,75.42857142857143
2021-10-28,81.0,77.28571428571429
2021-10-29,78.0,77.57142857142857
2021-10-30,81.0,76.71428571428571
2021-10-31,83.0,78.71428571428571
2021-11-01,78.0,79.42857142857143
2021-11-02,85.0,80.14285714285714
2021-11-03,85.0,81.57142857142857
2021-11-04,74.0,80.57142857142857
2021-11-05,78.0,80.57142857142857
2021-11-06,76.0,79.85714285714286
2021-11-07,89.0,80.71428571428571
2021-11-08,77.0,80.57142857142857
2021-11-09,83.0,80.28571428571429
2021-11-10,77.0,79.14285714285714
2021-11-11,85.0,80.71428571428571
2021-11-12,80.0,81.0
2021-11-13,92.0,83.28571428571429
2021-11-14,95.0,84.14285714285714
2021-11-15,81.0,84.71428571428571
2021-11-16,80.0,84.28571428571429
2021-11-17,81.0,84.85714285714286
2021-11-18,83.0,84.57142857142857
2021-11-19,72.0,83.42857142857143
2021-11-20,89.0,83.0
2021-11-21,82.0,81.14285714285714
2021-11-22,70.0,79.57142857142857
2021-11-24,59.0,76.57142857142857
2021-11-25,75.0,75.71428571428571
2021-11-26,83.0,75.71428571428571
2021-11-28,85.0,77.57142857142857
2021-11-29,75.0,75.57142857142857
2021-11-30,73.0,74.28571428571429
2021-12-01,70.0,74.28571428571429
2021-12-02,74.0,76.42857142857143
2021-12-03,76.0,76.57142857142857
2021-12-04,71.0,74.85714285714286
2021-12-06,75.0,73.42857142857143
2021-12-07,69.0,72.57142857142857
2021-12-08,69.0,72.0
2021-12-09,74.0,72.57142857142857
2021-12-10,75.0,72.71428571428571
2021-12-11,68.0,71.57142857142857
2021-12-12,79.0,72.71428571428571
2021-12-13,76.0,72.85714285714286
2021-12-14,82.0,74.71428571428571
2021-12-15,70.0,74.85714285714286
2021-12-16,70.0,74.28571428571429
2021-12-17,62.0,72.42857142857143
2021-12-18,69.0,72.57142857142857
2021-12-20,70.0,71.28571428571429
2021-12-21,57.0,68.57142857142857
2021-12-23,69.0,66.71428571428571
2021-12-24,78.0,67.85714285714286
2021-12-25,83.0,69.71428571428571
2021-12-26,76.0,71.71428571428571
2021-12-27,70.0,71.85714285714286
2021-12-28,58.0,70.14285714285714
2021-12-29,52.0,69.42857142857143
2021-12-30,60.0,68.14285714285714
2021-12-31,61.0,65.71428571428571
2022-01-01,70.0,63.857142857142854
2022-01-04,70.0,63.0
2022-01-05,70.0,63.0
2022-01-06,67.0,64.28571428571429
2022-01-10,73.0,67.28571428571429
2022-01-11,78.0,69.85714285714286
2022-01-12,75.0,71.85714285714286
2022-01-13,74.0,72.42857142857143
2022-01-14,59.0,70.85714285714286
2022-01-15,67.0,70.42857142857143
2022-01-17,72.0,71.14285714285714
2022-01-18,76.0,71.57142857142857
2022-01-19,75.0,71.14285714285714
2022-01-20,81.0,72.0
2022-01-21,57.0,69.57142857142857
2022-01-22,85.0,73.28571428571429
2022-01-23,73.0,74.14285714285714
2022-01-24,75.0,74.57142857142857
2022-01-25,66.0,73.14285714285714
2022-01-26,70.0,72.42857142857143
2022-01-27,73.0,71.28571428571429
2022-01-28,73.0,73.57142857142857
2022-01-29,64.0,70.57142857142857
2022-01-30,71.0,70.28571428571429
2022-01-31,74.0,70.14285714285714
2022-02-01,79.0,72.0
2022-02-02,68.0,71.71428571428571
2022-02-07,75.0,72.0
2022-02-08,75.0,72.28571428571429
2022-02-09,70.0,73.14285714285714
2022-02-10,75.0,73.71428571428571
2022-02-11,78.0,74.28571428571429
2022-02-12,70.0,73.0
2022-02-13,86.0,75.57142857142857
2022-02-14,74.0,75.42857142857143
2022-02-15,84.0,76.71428571428571
2022-02-16,88.0,79.28571428571429
2022-02-17,80.0,80.0
2022-02-19,76.0,79.71428571428571
2022-02-20,71.0,79.85714285714286
2022-02-21,78.0,78.71428571428571
2022-02-22,70.0,78.14285714285714
2022-02-23,68.0,75.85714285714286
2022-02-25,63.0,72.28571428571429
2022-02-28,70.0,70.85714285714286
2022-03-01,72.0,70.28571428571429
2022-03-02,77.0,71.14285714285714
2022-03-03,84.0,72.0
2022-03-04,71.0,72.14285714285714
2022-03-05,60.0,71.0
2022-03-06,67.0,71.57142857142857
2022-03-10,74.0,72.14285714285714
2022-03-11,64.0,71.0
2022-03-13,74.0,70.57142857142857
2022-03-14,73.0,69.0
2022-03-15,75.0,69.57142857142857
2022-03-16,74.0,71.57142857142857
2022-03-17,59.0,70.42857142857143
2022-03-18,67.0,69.42857142857143
2022-03-19,77.0,71.28571428571429
2022-03-20,66.0,70.14285714285714
2022-03-21,76.0,70.57142857142857
2022-03-22,69.0,69.71428571428571
2022-03-23,67.0,68.71428571428571
2022-03-24,78.0,71.42857142857143
2022-03-25,71.0,72.0
2022-03-29,83.0,72.85714285714286
2022-03-30,75.0,74.14285714285714
2022-03-31,74.0,73.85714285714286
2022-04-01,77.0,75.0
2022-04-02,63.0,74.42857142857143
2022-04-03,78.0,74.42857142857143
2022-04-04,71.0,74.42857142857143
2022-04-05,65.0,71.85714285714286
2022-04-06,74.0,71.71428571428571
2022-04-07,64.0,70.28571428571429
2022-04-08,65.0,68.57142857142857
2022-04-11,68.0,69.28571428571429
2022-04-12,69.0,68.0
2022-04-13,71.0,68.0
2022-04-14,72.0,69.0
2022-04-16,66.0,67.85714285714286
2022-04-17,75.0,69.42857142857143
2022-04-18,69.0,70.0
2022-04-19,66.0,69.71428571428571
2022-04-20,60.0,68.42857142857143
2022-04-21,61.0,67.0
2022-04-22,65.0,66.0
2022-04-23,76.0,67.42857142857143
2022-04-25,73.0,67.14285714285714
2022-04-26,66.0,66.71428571428571
2022-04-27,68.0,67.0
2022-04-28,69.0,68.28571428571429
2022-04-29,68.0,69.28571428571429
2022-05-01,66.0,69.42857142857143
2022-05-02,70.0,68.57142857142857
2022-05-03,59.0,66.57142857142857
2022-05-04,69.0,67.0
2022-05-05,68.0,67.0
2022-05-06,64.0,66.28571428571429
2022-05-07,71.0,66.71428571428571
2022-05-11,72.0,67.57142857142857
2022-05-12,74.0,68.14285714285714
2022-05-13,61.0,68.42857142857143
2022-05-14,67.0,68.14285714285714
2022-05-15,62.0,67.28571428571429
2022-05-29,75.0,68.85714285714286
2022-06-02,66.0,68.14285714285714
2022-06-06,77.0,68.85714285714286
2022-06-08,68.0,68.0
2022-06-09,78.0,70.42857142857143
2022-06-10,69.0,70.71428571428571
2022-06-11,71.0,72.0
2022-06-12,70.0,71.28571428571429
2022-06-13,78.0,73.0
2022-06-14,74.0,72.57142857142857
2022-06-15,71.0,73.0
2022-06-16,78.0,73.0
2022-06-20,69.0,73.0
2022-06-21,73.0,73.28571428571429
2022-06-22,67.0,72.85714285714286
2022-06-23,72.0,72.0
2022-06-25,79.0,72.71428571428571
2022-06-26,70.0,72.57142857142857
2022-06-29,77.0,72.42857142857143
2022-06-30,74.0,73.14285714285714
2022-07-01,70.0,72.71428571428571
2022-07-02,72.0,73.42857142857143
2022-07-04,67.0,72.71428571428571
2022-07-05,63.0,70.42857142857143
2022-07-06,67.0,70.0
2022-07-07,71.0,69.14285714285714
2022-07-08,65.0,67.85714285714286
2022-07-09,67.0,67.42857142857143
2022-07-11,72.0,67.42857142857143
2022-07-12,70.0,67.85714285714286
2022-07-13,62.0,67.71428571428571
2022-07-14,72.0,68.42857142857143
2022-07-15,68.0,68.0
2022-07-16,64.33333333333333,67.9047619047619
2022-07-19,66.0,67.76190476190476
2022-07-21,69.0,67.33333333333333
2022-07-22,66.0,66.76190476190476
2022-07-23,69.0,67.76190476190476
2022-07-25,78.0,68.61904761904762
2022-07-26,71.0,69.04761904761905
2022-07-27,71.0,70.0
2022-07-29,73.0,71.0
2022-08-02,64.0,70.28571428571429
2022-08-03,81.0,72.42857142857143
2022-08-04,69.0,72.42857142857143
2022-08-05,77.0,72.28571428571429
2022-08-07,81.0,73.71428571428571
2022-08-09,85.0,75.71428571428571
2022-08-10,85.0,77.42857142857143
2022-08-11,71.0,78.42857142857143
2022-08-12,68.0,76.57142857142857
2022-08-13,64.0,75.85714285714286
2022-08-14,68.0,74.57142857142857
2022-08-15,86.0,75.28571428571429
2022-08-16,67.0,72.71428571428571
2022-08-17,70.0,70.57142857142857
2022-08-18,79.0,71.71428571428571
2022-08-19,74.0,72.57142857142857
2022-08-20,78.0,74.57142857142857
2022-08-21,72.0,75.14285714285714
2022-08-22,83.0,74.71428571428571
2022-08-23,83.0,77.0
2022-08-24,72.0,77.28571428571429
2022-08-25,74.0,76.57142857142857
2022-08-26,73.0,76.42857142857143
2022-08-29,73.0,75.71428571428571
2022-08-30,73.0,75.85714285714286
2022-08-31,70.0,74.0
2022-09-01,71.0,72.28571428571429
2022-09-02,60.0,70.57142857142857
2022-09-06,71.0,70.14285714285714
2022-09-07,66.0,69.14285714285714
2022-09-08,84.0,70.71428571428571
2022-09-09,69.0,70.14285714285714
2022-09-10,75.0,70.85714285714286
2022-09-11,76.0,71.57142857142857
2022-09-12,82.0,74.71428571428571
2022-09-13,69.0,74.42857142857143
2022-09-14,66.0,74.42857142857143
2022-09-15,65.0,71.71428571428571
2022-09-16,61.0,70.57142857142857
2022-09-19,72.0,70.14285714285714
2022-09-20,67.0,68.85714285714286
2022-09-21,65.0,66.42857142857143
2022-09-22,74.0,67.14285714285714
2022-09-23,71.0,67.85714285714286
2022-09-24,83.0,70.42857142857143
2022-09-25,75.0,72.42857142857143
2022-09-26,75.0,72.85714285714286
2022-09-27,73.0,73.71428571428571
2022-09-28,96.0,78.14285714285714
2022-10-01,86.0,79.85714285714286
2022-10-02,61.0,78.42857142857143
2022-10-03,89.0,79.28571428571429
2022-10-04,91.0,81.57142857142857
2022-10-05,71.0,81.0
2022-10-06,62.0,79.42857142857143
2022-10-07,66.0,75.14285714285714
2022-10-09,82.0,74.57142857142857
2022-10-10,94.0,79.28571428571429
2022-10-11,68.0,76.28571428571429
2022-10-12,68.0,73.0
2022-10-13,86.0,75.14285714285714
2022-10-14,74.0,76.85714285714286
2022-10-15,79.0,78.71428571428571
2022-10-16,76.0,77.85714285714286
2022-10-17,71.0,74.57142857142857
2022-10-18,70.0,74.85714285714286
2022-10-19,88.0,77.71428571428571
2022-10-20,68.0,75.14285714285714
2022-10-21,82.0,76.28571428571429
2022-10-22,80.0,76.42857142857143
2022-10-23,78.0,76.71428571428571
2022-10-24,77.0,77.57142857142857
2022-10-25,78.0,78.71428571428571
2022-10-26,44.0,72.42857142857143
2022-10-27,73.0,73.14285714285714
2022-10-28,71.0,71.57142857142857
2022-10-31,66.0,69.57142857142857
2022-11-01,82.0,70.14285714285714
2022-11-02,75.0,69.85714285714286
2022-11-03,77.0,69.71428571428571
2022-11-04,90.0,76.28571428571429
2022-11-06,76.0,76.71428571428571
2022-11-07,85.0,78.71428571428571
2022-11-08,69.0,79.14285714285714
2022-11-10,86.0,79.71428571428571
2022-11-11,72.0,79.28571428571429
2022-11-12,66.0,77.71428571428571
2022-11-14,80.0,76.28571428571429
2022-11-15,76.0,76.28571428571429
2022-11-17,77.0,75.14285714285714
2022-11-18,85.0,77.42857142857143
2022-11-20,57.0,73.28571428571429
2022-11-21,88.0,75.57142857142857
2022-11-22,65.0,75.42857142857143
2022-11-23,69.0,73.85714285714286
2022-11-24,81.0,74.57142857142857
2022-11-25,82.0,75.28571428571429
2022-11-26,73.0,73.57142857142857
2022-11-27,78.0,76.57142857142857
2022-11-28,77.0,75.0
2022-11-29,63.0,74.71428571428571
2022-11-30,77.0,75.85714285714286
2022-12-01,71.0,74.42857142857143
2022-12-02,68.0,72.42857142857143
2022-12-05,73.0,72.42857142857143
2022-12-06,70.0,71.28571428571429
2022-12-07,67.0,69.85714285714286
2022-12-08,71.0,71.0
2022-12-09,80.0,71.42857142857143
2022-12-10,64.0,70.42857142857143
2022-12-11,74.0,71.28571428571429
2022-12-12,80.0,72.28571428571429
2022-12-13,68.0,72.0
2022-12-15,82.0,74.14285714285714
2022-12-16,83.0,75.85714285714286
2022-12-29,69.0,74.28571428571429
2022-12-30,64.0,74.28571428571429
2023-01-02,71.0,73.85714285714286
2023-01-03,66.0,71.85714285714286
2023-01-04,59.0,70.57142857142857
2023-01-08,67.0,68.42857142857143
2023-01-09,84.0,68.57142857142857
2023-01-10,70.0,68.71428571428571
2023-01-12,75.0,70.28571428571429
2023-01-13,64.0,69.28571428571429
2023-01-14,73.0,70.28571428571429
2023-01-15,67.0,71.42857142857143
2023-01-16,55.0,69.71428571428571
2023-01-17,67.0,67.28571428571429
2023-01-23,76.0,68.14285714285714
2023-02-06,70.0,67.42857142857143
2023-03-06,72.0,68.57142857142857
2023-03-10,67.0,67.71428571428571
2023-03-15,71.0,68.28571428571429
2023-03-18,93.0,73.71428571428571
2023-03-20,60.0,72.71428571428571
2023-03-24,62.0,70.71428571428571
2023-03-25,59.0,69.14285714285714
2023-03-30,75.0,69.57142857142857
2023-05-24,72.0,70.28571428571429
2023-05-28,75.0,70.85714285714286
2023-06-17,83.0,69.42857142857143
2023-06-18,65.0,70.14285714285714
2023-12-14,65.0,70.57142857142857
2024-02-24,59.0,70.57142857142857
2024-02-28,70.0,69.85714285714286
2024-02-29,59.0,68.0
2024-03-04,82.0,69.0
2024-03-05,56.0,65.14285714285714
2024-03-06,74.0,66.42857142857143
2024-03-07,82.0,68.85714285714286
2024-03-09,59.0,68.85714285714286
2024-03-10,63.0,67.85714285714286
2024-03-12,61.0,68.14285714285714
2024-03-13,70.0,66.42857142857143
2024-03-14,68.0,68.14285714285714
2024-03-15,61.0,66.28571428571429
2024-03-16,53.0,62.142857142857146
2024-03-22,59.0,62.142857142857146
