date,avg_rhr,avg_hrv,total_steps,rhr_7day_avg,hrv_7day_avg
2020-07-19,73.0,47.5631,1957.0,,
2020-07-20,76.0,32.91285,1855.0,,
2020-07-21,62.0,21.91965,3570.0,,
2020-07-22,77.0,19.1197,2418.0,,
2020-07-23,74.0,31.287550000000003,1580.0,,
2020-07-24,78.0,29.042199999999998,6536.0,,
2020-07-25,77.0,31.66205,10971.0,73.85714285714286,30.501014285714287
2020-07-26,74.0,26.44945,3683.0,74.0,27.48477857142857
2020-07-27,79.0,27.274449999999998,13433.0,74.42857142857143,26.679292857142855
2020-07-28,67.0,39.7539,3470.0,75.14285714285714,29.227042857142855
2020-07-29,77.0,30.163533333333334,12083.0,75.14285714285714,30.80473333333333
2020-07-30,75.0,41.23585,3499.0,75.28571428571429,32.22591904761905
2020-07-31,71.0,34.39313333333333,2038.0,74.28571428571429,32.990338095238094
2020-08-01,78.0,31.672475,5652.0,74.42857142857143,32.99182738095238
2020-08-02,76.0,43.445,9699.0,74.71428571428571,35.419763095238096
2020-08-03,76.0,37.664100000000005,8290.0,74.28571428571429,36.903998809523806
2020-08-04,72.0,34.4465,6974.0,75.0,36.14579880952381
2020-08-05,70.0,29.128999999999998,4294.0,74.0,35.99800833333333
2020-08-06,72.0,,3742.0,73.57142857142857,
2020-08-07,77.0,27.524099999999997,3397.0,74.42857142857143,
2020-08-08,73.0,34.6987,7522.0,73.71428571428571,
2020-08-09,70.0,29.788075,9821.0,72.85714285714286,
2020-08-10,72.0,60.4173,2540.0,72.28571428571429,
2020-08-11,73.0,53.18063333333333,2320.0,72.42857142857143,
2020-08-12,75.0,52.371933333333324,2187.0,73.14285714285714,
2020-08-13,71.0,32.2316,5156.0,73.0,41.45890595238095
2020-08-14,63.0,53.8406,3556.0,71.0,45.218405952380955
2020-08-15,70.0,28.553925,2027.0,70.57142857142857,44.34058095238095
2020-08-16,70.0,34.402,2382.0,70.57142857142857,44.9997130952381
2020-08-17,72.0,27.2385,2297.0,70.57142857142857,40.259884523809525
2020-08-18,77.0,31.5835,2340.0,71.14285714285714,37.17457976190476
2020-08-19,72.0,68.2894,3044.0,70.71428571428571,39.44850357142857
2020-08-20,73.0,31.787300000000002,3148.0,71.0,39.38503214285714
2020-08-21,75.0,29.443025,4285.0,72.71428571428571,35.89966428571429
2020-08-22,73.0,47.850375,2298.0,73.14285714285714,38.656299999999995
2020-08-23,73.0,30.084400000000002,3050.0,73.57142857142857,38.0395
2020-08-24,73.0,33.3658,2851.0,73.71428571428571,38.91482857142857
2020-08-25,72.0,31.7959,3204.0,73.0,38.94517142857143
2020-08-26,72.0,31.53855,3686.0,73.0,33.69505
2020-08-27,74.0,28.31445,3907.0,73.14285714285714,33.198928571428574
2020-08-28,73.0,40.933025,2582.0,72.85714285714286,34.840357142857144
2020-08-29,74.0,56.2994,2939.0,73.0,36.047360714285716
2020-08-30,81.0,30.113,5125.0,74.14285714285714,36.05144642857143
2020-08-31,84.0,23.54514,2869.0,75.71428571428571,34.648495000000004
2020-09-01,79.0,27.07844,3532.0,76.71428571428571,33.97457214285715
2020-09-02,80.0,29.68605,4581.0,77.85714285714286,33.70992928571429
2020-09-03,77.0,26.6499,6499.0,78.28571428571429,33.47213642857143
2020-09-04,69.0,32.33485,5522.0,77.71428571428571,32.24382571428571
2020-09-05,74.0,35.5413,7613.0,77.71428571428571,29.278382857142855
2020-09-06,74.0,44.9025,2684.0,76.71428571428571,31.391168571428572
2020-09-07,75.0,36.3077,4444.0,75.42857142857143,33.21439142857143
2020-09-08,70.0,25.686466666666664,3131.0,74.14285714285714,33.01553809523809
2020-09-09,71.0,34.99583333333333,2866.0,72.85714285714286,33.77407857142857
2020-09-10,73.0,39.7446,3349.0,72.28571428571429,35.64475
2020-09-11,72.0,43.98716666666667,2961.0,72.71428571428571,37.30936666666667
2020-09-12,67.0,39.4619,7339.0,71.71428571428571,37.86945238095238
2020-09-13,69.0,32.10016666666667,2626.0,71.0,36.040547619047615
2020-09-14,72.0,24.1971,1748.0,70.57142857142857,34.31046190476191
2020-09-15,71.0,20.15525,3555.0,70.71428571428571,33.520288095238094
2020-09-16,76.0,26.1866,3658.0,71.42857142857143,32.26182619047619
2020-09-17,71.0,31.89415,4466.0,71.14285714285714,31.14033333333333
2020-09-18,72.0,35.525083333333335,3103.0,71.14285714285714,29.93146428571428
2020-09-19,74.0,37.11895,5213.0,72.14285714285714,29.596757142857143
2020-09-20,73.0,49.7423,7431.0,72.71428571428571,32.117061904761904
2020-09-21,73.0,47.53456666666667,1809.0,72.85714285714286,35.450985714285714
2020-09-22,74.0,40.6756,5982.0,73.28571428571429,38.382464285714285
2020-09-23,74.0,31.7877,1810.0,73.0,39.18262142857143
2020-09-24,76.0,32.5241,2986.0,73.71428571428571,39.27261428571428
2020-09-25,73.0,35.49,2623.0,73.85714285714286,39.26760238095238
2020-09-26,71.0,26.0522,5338.0,73.42857142857143,37.686638095238095
2020-09-27,75.0,38.3578,2670.0,73.71428571428571,36.06028095238095
2020-09-28,73.0,43.90285,3531.0,73.71428571428571,35.541464285714284
2020-09-29,73.0,32.9332,4253.0,73.57142857142857,34.43540714285714
2020-09-30,73.0,35.26972,3332.0,73.42857142857143,34.93283857142857
2020-10-01,73.0,38.9561,2742.0,73.0,35.85169571428571
2020-10-02,74.0,46.39645,2862.0,73.14285714285714,37.40976
2020-10-03,79.0,32.05416666666667,2471.0,74.28571428571429,38.267183809523814
2020-10-04,74.0,22.7246,3247.0,74.14285714285714,36.03386952380952
2020-10-05,73.0,37.506280000000004,4438.0,74.14285714285714,35.12007380952381
2020-10-06,72.0,49.882799999999996,4862.0,74.0,37.54144523809524
2020-10-07,73.0,40.05172,2695.0,74.0,38.2245880952381
2020-10-08,67.0,36.97525,7300.0,73.14285714285714,37.941609523809525
2020-10-09,66.0,48.2019,2376.0,72.0,38.19953095238095
2020-10-10,69.0,24.3022,2224.0,70.57142857142857,37.09210714285714
2020-10-11,73.0,32.77516666666667,14597.0,70.42857142857143,38.527902380952376
2020-10-12,66.0,47.437549999999995,6601.0,69.42857142857143,39.94665523809523
2020-10-13,80.0,29.6015,3342.0,70.57142857142857,37.049326666666666
2020-10-14,86.0,27.60805,7429.0,72.42857142857143,35.271659523809525
2020-10-15,77.0,44.30870000000001,2881.0,73.85714285714286,36.31929523809524
2020-10-16,71.0,38.933099999999996,2926.0,74.57142857142857,34.995180952380956
2020-10-17,72.0,37.3526,1911.0,75.0,36.85952380952381
2020-10-18,76.0,33.25605,8704.0,75.42857142857143,36.928221428571426
2020-10-19,72.0,35.87405,5851.0,76.28571428571429,35.276292857142856
2020-10-20,74.0,40.77084,3012.0,75.42857142857143,36.87191285714285
2020-10-21,77.0,34.40654,2471.0,74.14285714285714,37.84312571428571
2020-10-22,70.0,34.81422,2343.0,73.14285714285714,36.48677142857143
2020-10-23,68.0,43.72356,2629.0,72.71428571428571,37.171122857142855
2020-10-24,69.0,52.460975000000005,11718.0,72.28571428571429,39.329462142857146
2020-10-25,76.0,41.74924,2088.0,72.28571428571429,40.542775
2020-10-26,77.0,32.37614,3312.0,73.0,40.04307357142857
2020-10-27,73.0,34.06235,1840.0,72.85714285714286,39.084717857142856
2020-10-28,77.0,34.320025,2154.0,72.85714285714286,39.07235857142857
2020-10-29,78.0,31.84435,7872.0,74.0,38.64809142857143
2020-10-30,72.0,46.410025,2573.0,74.57142857142857,39.03187214285714
2020-10-31,68.0,51.946200000000005,9443.0,74.42857142857143,38.95833285714286
2020-11-01,77.0,47.0708,4247.0,74.57142857142857,39.71855571428572
2020-11-02,74.0,48.39705,4380.0,74.14285714285714,42.00725714285714
2020-11-03,69.0,45.09485,2993.0,73.57142857142857,43.583328571428574
2020-11-04,68.0,54.743599999999994,4260.0,72.28571428571429,46.50098214285714
2020-11-05,71.0,43.3887,8223.0,71.28571428571429,48.150175
2020-11-06,65.0,47.53474,2580.0,70.28571428571429,48.310848571428565
2020-11-07,71.0,46.084825,5340.0,70.71428571428571,47.473509285714286
2020-11-08,74.0,45.702980000000004,3666.0,70.28571428571429,47.278106428571434
2020-11-09,69.0,40.75043333333333,1551.0,69.57142857142857,46.18573261904762
2020-11-10,66.0,54.066,3114.0,69.14285714285714,47.467325476190474
2020-11-11,59.0,55.04484,2072.0,67.85714285714286,47.51035976190476
2020-11-12,69.0,47.750875,3748.0,67.57142857142857,48.133527619047626
2020-11-13,67.0,42.4653,8170.0,67.85714285714286,47.40932190476191
2020-11-14,67.0,39.5366,11812.0,67.28571428571429,46.47386119047619
2020-11-15,65.0,32.391400000000004,2065.0,66.0,44.572206904761906
2020-11-16,69.0,58.100375,2863.0,66.0,47.05077
2020-11-17,72.0,38.21333333333333,2140.0,66.85714285714286,44.78610333333334
2020-11-18,71.0,42.732675,4857.0,68.57142857142857,43.02722261904762
2020-11-19,69.0,41.72983333333334,7549.0,68.57142857142857,42.16707380952381
2020-11-20,69.0,34.1012,9242.0,68.85714285714286,40.97220238095239
2020-11-21,77.0,56.68934,7069.0,70.28571428571429,43.4225938095238
2020-11-22,69.0,54.0575,5245.0,70.85714285714286,46.51775095238095
2020-11-23,68.0,40.5567,6522.0,70.71428571428571,44.011511666666664
2020-11-24,64.0,48.255849999999995,7087.0,69.57142857142857,45.4461569047619
2020-11-25,61.0,,4612.0,68.14285714285714,
2020-11-26,75.0,40.8137,8120.0,69.0,
2020-11-27,72.0,32.42256666666667,7661.0,69.42857142857143,
2020-11-28,72.0,24.8615,7484.0,68.71428571428571,
2020-11-29,76.0,39.3564,10994.0,69.71428571428571,
2020-11-30,70.0,51.660225,3485.0,70.0,
2020-12-01,77.0,30.269999999999996,4577.0,71.85714285714286,
2020-12-02,71.0,29.47563333333333,2836.0,73.28571428571429,35.55143214285714
2020-12-03,72.0,43.6285,2396.0,72.85714285714286,35.95354642857143
2020-12-04,73.0,34.5046,3127.0,73.0,36.25097976190476
2020-12-05,69.0,33.7839,14323.0,72.57142857142857,37.52560833333333
2020-12-06,65.0,50.70585,5450.0,71.0,39.14695833333333
2020-12-07,69.0,67.07415,3145.0,70.85714285714286,41.34894761904762
2020-12-08,72.0,40.17285,3808.0,70.14285714285714,42.763640476190474
2020-12-09,68.0,47.1079,2138.0,69.71428571428571,45.282535714285714
2020-12-10,79.0,38.09692,7924.0,70.71428571428571,44.49230999999999
2020-12-11,73.0,26.19255,2682.0,70.71428571428571,43.304874285714284
2020-12-12,75.0,37.103766666666665,1891.0,71.57142857142857,43.77914095238095
2020-12-13,74.0,35.40254,3635.0,72.85714285714286,41.592953809523806
2020-12-14,77.0,35.67365,1818.0,74.0,37.107168095238094
2020-12-15,74.0,27.438033333333333,5638.0,74.28571428571429,35.287908571428574
2020-12-16,71.0,78.7885,2017.0,74.71428571428571,39.81370857142857
2020-12-17,69.0,34.707125000000005,3247.0,73.28571428571429,39.32945214285714
2020-12-18,78.0,36.037225,3071.0,74.0,40.73583428571429
2020-12-19,77.0,23.284100000000002,3823.0,74.28571428571429,38.76159619047619
2020-12-20,74.0,49.2977,4379.0,74.28571428571429,40.74661904761905
2020-12-21,74.0,50.4313,1925.0,73.85714285714286,42.854854761904754
2020-12-22,71.0,31.704800000000002,4509.0,73.42857142857143,43.464392857142855
2020-12-23,73.0,45.7753,2449.0,73.71428571428571,38.748221428571426
2020-12-24,74.0,32.826933333333336,4700.0,74.42857142857143,38.47962261904762
2020-12-25,74.0,34.3087,7507.0,73.85714285714286,38.232690476190484
2020-12-26,74.0,29.9189,10996.0,73.42857142857143,39.18051904761905
2020-12-27,75.0,40.97516666666667,2987.0,73.57142857142857,37.99158571428571
2020-12-28,70.0,28.832700000000003,2545.0,73.0,34.90607142857143
2020-12-29,77.0,30.000799999999998,5870.0,73.85714285714286,34.66264285714286
2020-12-30,65.0,42.554249999999996,4793.0,72.71428571428571,34.20249285714285
2020-12-31,70.0,46.0109,5966.0,72.14285714285714,36.08591666666667
2021-01-01,58.0,44.526966666666674,5414.0,69.85714285714286,37.54566904761905
2021-01-02,68.0,50.34225,7666.0,69.0,40.46329047619048
2021-01-03,73.0,40.1708,4151.0,68.71428571428571,40.34838095238096
2021-01-04,70.0,55.5094,2612.0,68.71428571428571,44.15933809523809
2021-01-05,66.0,61.14646666666667,1980.0,67.14285714285714,48.60871904761905
2021-01-06,68.0,36.46985,1532.0,67.57142857142857,47.739519047619055
2021-01-07,70.0,35.53945,1709.0,67.57142857142857,46.24359761904763
2021-01-08,73.0,36.36813333333333,3048.0,69.71428571428571,45.078050000000005
2021-01-09,75.0,21.913566666666668,3940.0,70.71428571428571,41.01680952380952
2021-01-10,71.0,27.7125,5629.0,70.42857142857143,39.23705238095238
2021-01-11,69.0,37.443619999999996,1834.0,70.28571428571429,36.65622666666667
2021-01-12,69.0,41.2879,2386.0,70.71428571428571,33.81928857142857
2021-01-13,67.0,47.224766666666675,3567.0,70.57142857142857,35.35570523809524
2021-01-14,71.0,52.6799,5902.0,70.71428571428571,37.80434095238095
2021-01-15,70.0,34.8807,2744.0,70.28571428571429,37.59185047619048
2021-01-16,70.0,30.992225,2470.0,69.57142857142857,38.888801666666666
2021-01-17,72.0,37.046,7218.0,69.71428571428571,40.22215880952381
2021-01-18,71.0,37.63126,4090.0,70.0,40.248964523809526
2021-01-19,65.0,37.53482,4401.0,69.42857142857143,39.71281023809524
2021-01-20,71.0,43.7564,3119.0,70.0,39.217329285714285
2021-01-21,67.0,30.6421,3124.0,69.42857142857143,36.06907214285714
2021-01-22,73.0,31.806966666666668,1717.0,69.85714285714286,35.62996738095238
2021-01-23,73.0,33.904275,2967.0,70.28571428571429,36.04597452380953
2021-01-24,74.0,41.8247,5507.0,70.57142857142857,36.72864595238095
2021-01-25,72.0,29.61833333333333,2470.0,70.71428571428571,35.58394214285715
2021-01-26,75.0,45.760149999999996,2411.0,72.14285714285714,36.75898928571428
2021-01-27,72.0,42.7688,3291.0,72.28571428571429,36.61790357142858
2021-01-28,77.0,31.258466666666664,5515.0,73.71428571428571,36.705955952380954
2021-01-29,70.0,42.521025,1627.0,73.28571428571429,38.23653571428571
2021-01-30,67.0,42.94573333333333,3373.0,72.42857142857143,39.528172619047616
2021-01-31,78.0,32.41016666666667,3252.0,73.0,38.183239285714286
2021-02-01,77.0,31.89965,2005.0,73.71428571428571,38.509141666666665
2021-02-02,72.0,31.655450000000002,8057.0,73.28571428571429,36.49418452380952
2021-02-03,70.0,40.53885,2023.0,73.0,36.17562023809524
2021-02-04,75.0,20.882649999999998,2971.0,72.71428571428571,34.69336071428571
2021-02-05,76.0,39.570233333333334,3073.0,73.57142857142857,34.27181904761905
2021-02-06,77.0,,2893.0,75.0,
2021-02-07,69.0,33.655325,2472.0,73.71428571428571,
2021-02-08,78.0,28.183500000000002,3345.0,73.85714285714286,
2021-02-09,75.0,41.0743,7804.0,74.28571428571429,
2021-02-10,72.0,39.471149999999994,1690.0,74.57142857142857,
2021-02-11,70.0,55.315,2452.0,73.85714285714286,
2021-02-12,67.0,55.075120000000005,1053.0,72.57142857142857,
2021-02-13,75.0,35.301500000000004,2544.0,72.28571428571429,41.15369928571429
2021-02-14,65.0,23.8965,5569.0,71.71428571428571,39.75958142857143
2021-02-15,58.0,76.63140000000001,4362.0,68.85714285714286,46.68071
2021-02-16,72.0,36.9998,3456.0,68.42857142857143,46.09863857142857
2021-02-17,77.0,36.0327,3082.0,69.14285714285714,45.60743142857143
2021-02-18,73.0,18.5413,2237.0,69.57142857142857,40.35404571428571
2021-02-19,61.0,40.761849999999995,3019.0,68.71428571428571,38.30929285714286
2021-02-20,74.0,24.16265,2927.0,68.57142857142857,36.718028571428576
2021-02-21,76.0,35.770066666666665,5589.0,70.14285714285714,38.414252380952384
2021-02-22,71.0,34.744749999999996,2410.0,72.0,32.43044523809524
2021-02-23,71.0,37.62065,2749.0,71.85714285714286,32.51913809523809
2021-02-24,72.0,33.166700000000006,2451.0,71.14285714285714,32.10970952380952
2021-02-25,73.0,32.5965,2990.0,71.14285714285714,34.117595238095234
2021-02-26,72.0,42.7896,7251.0,72.71428571428571,34.40727380952381
2021-02-27,72.0,33.464349999999996,3441.0,72.42857142857143,35.736088095238095
2021-02-28,70.0,37.0279,3337.0,71.57142857142857,35.91577857142857
2021-03-01,72.0,36.81225,3082.0,71.71428571428571,36.21113571428571
2021-03-02,76.0,41.4356,2392.0,72.42857142857143,36.756128571428576
2021-03-03,72.0,31.955875,2128.0,72.42857142857143,36.58315357142857
2021-03-04,80.0,32.20406666666667,8914.0,73.42857142857143,36.527091666666664
2021-03-05,83.0,30.314175,3106.0,75.0,34.744888095238096
2021-03-06,79.0,29.8664,7511.0,76.0,34.230895238095236
2021-03-07,74.0,37.00076666666667,5710.0,76.57142857142857,34.227019047619045
2021-03-08,71.0,46.7309,4346.0,76.42857142857143,35.64396904761905
2021-03-09,74.0,30.0428,4929.0,76.14285714285714,34.01642619047619
2021-03-10,76.0,19.708750000000002,6107.0,76.71428571428571,32.26683690476191
2021-03-11,72.0,33.56645999999999,2134.0,75.57142857142857,32.461464523809525
2021-03-12,74.0,29.869349999999997,2773.0,74.28571428571429,32.3979180952381
2021-03-13,78.0,40.28755,5585.0,74.14285714285714,33.88665380952381
2021-03-14,66.0,24.95945,4691.0,73.0,32.166465714285714
2021-03-15,66.0,58.72905,3646.0,72.28571428571429,33.88048714285714
2021-03-16,71.0,43.84996666666666,2117.0,71.85714285714286,35.852939523809525
2021-03-17,67.0,39.766133333333336,1621.0,70.57142857142857,38.71828
2021-03-18,70.0,30.61736666666667,3244.0,70.28571428571429,38.296980952380956
2021-03-19,67.0,45.184733333333334,3040.0,69.28571428571429,40.48489285714286
2021-03-20,71.0,31.032975,3483.0,68.28571428571429,39.16281071428572
2021-03-21,69.0,46.34936666666667,2429.0,68.71428571428571,42.2185130952381
2021-03-22,72.0,35.975899999999996,3442.0,69.57142857142857,38.968063095238094
2021-03-23,71.0,45.0511,3805.0,69.57142857142857,39.139653571428575
2021-03-24,83.0,48.7381,2877.0,71.85714285714286,40.4213630952381
2021-03-25,74.0,56.64825,1620.0,72.42857142857143,44.14006071428571
2021-03-26,69.0,53.0213,3133.0,72.71428571428571,45.259570238095236
2021-03-27,78.0,46.470525,3803.0,73.71428571428571,47.46493452380952
2021-03-28,79.0,34.560249999999996,3463.0,75.14285714285714,45.780775
2021-03-29,73.0,32.7233,3607.0,75.28571428571429,45.31611785714285
2021-03-30,75.0,39.838766666666665,3306.0,75.85714285714286,44.57149880952381
2021-03-31,81.0,48.331649999999996,6647.0,75.57142857142857,44.513434523809515
2021-04-01,80.0,33.9382,1722.0,76.42857142857143,41.26914166666666
2021-04-02,79.0,37.0405,2981.0,77.85714285714286,38.986170238095234
2021-04-03,81.0,35.7258,8438.0,78.28571428571429,37.45120952380952
2021-04-04,74.0,32.00215,4998.0,77.57142857142857,37.085766666666665
2021-04-05,72.0,47.899325,2256.0,77.42857142857143,39.253770238095235
2021-04-06,69.0,46.35535,3191.0,76.57142857142857,40.184710714285714
2021-04-07,70.0,45.473825000000005,1999.0,75.0,39.776450000000004
2021-04-08,67.0,49.01005000000001,8572.0,73.14285714285714,41.92957142857143
2021-04-09,73.0,34.9771,3520.0,72.28571428571429,41.6348
2021-04-10,67.0,42.99055,7665.0,70.28571428571429,42.672621428571425
2021-04-11,67.0,39.14443333333333,11974.0,69.28571428571429,43.69294761904762
2021-04-12,72.0,54.9671,2132.0,69.28571428571429,44.70262976190476
2021-04-13,68.0,70.30965,2755.0,69.14285714285714,48.12467261904762
2021-04-14,72.0,38.84733333333333,3447.0,69.42857142857143,47.17803095238095
2021-04-15,65.0,38.596979999999995,2603.0,69.14285714285714,45.69044952380953
2021-04-16,69.0,55.45655,1973.0,68.57142857142857,48.61608523809524
2021-04-17,73.0,43.3217,5582.0,69.42857142857143,48.66339238095238
2021-04-18,74.0,43.84995,3310.0,70.42857142857143,49.33560904761905
2021-04-19,70.0,38.40473333333333,4425.0,70.14285714285714,46.96955666666667
2021-04-20,76.0,36.7117,1895.0,71.28571428571429,42.169849523809525
2021-04-21,68.0,41.28645,3221.0,70.71428571428571,42.51829476190476
2021-04-22,90.0,14.30315,1279.0,74.28571428571429,39.04774761904763
2021-04-23,83.0,73.6554,5589.0,76.28571428571429,41.64758333333333
2021-04-24,77.0,49.21233333333333,1952.0,76.85714285714286,42.48910238095238
2021-04-25,80.0,42.06556666666666,2453.0,77.71428571428571,42.23419047619047
2021-04-26,79.0,28.72035,3032.0,79.0,40.85070714285714
2021-04-27,81.0,26.212899999999998,2594.0,79.71428571428571,39.35087857142857
2021-04-28,75.0,31.976149999999997,3190.0,80.71428571428571,38.02083571428572
2021-04-29,74.0,38.2451,3287.0,78.42857142857143,41.441114285714285
2021-04-30,71.0,36.92286666666667,2275.0,76.71428571428571,36.19360952380952
2021-05-01,73.0,55.114399999999996,7025.0,76.14285714285714,37.036761904761896
2021-05-02,67.0,34.769225,3170.0,74.28571428571429,35.99442738095238
2021-05-03,77.0,26.1161,3519.0,74.0,35.622391666666665
2021-05-04,74.0,31.220100000000002,3627.0,73.0,36.33770595238095
2021-05-05,73.0,23.6075,3644.0,72.71428571428571,35.142184523809526
2021-05-06,80.0,49.23793333333333,7830.0,73.57142857142857,36.71258928571428
2021-05-07,82.0,26.7409,5815.0,75.14285714285714,35.25802261904762
2021-05-08,75.0,25.5911,7860.0,75.42857142857143,31.04040833333333
2021-05-09,83.0,23.7692,2222.0,77.71428571428571,29.46897619047619
2021-05-10,77.0,28.028133333333333,2249.0,77.71428571428571,29.742123809523807
2021-05-11,75.0,45.3156,3809.0,77.85714285714286,31.755766666666666
2021-05-12,78.0,35.82025,3810.0,78.57142857142857,33.50044523809524
2021-05-13,72.0,47.08005,4641.0,77.42857142857143,33.19217619047619
2021-05-14,61.0,60.17165,2695.0,74.42857142857143,37.967997619047615
2021-05-15,70.0,35.8409,5948.0,73.71428571428571,39.43225476190476
2021-05-16,74.0,37.532466666666664,3010.0,72.42857142857143,41.39843571428571
2021-05-17,80.0,30.37946666666667,2512.0,72.85714285714286,41.734340476190475
2021-05-18,70.0,31.609949999999998,6248.0,72.14285714285714,39.77639047619048
2021-05-19,72.0,53.04795,1578.0,71.28571428571429,42.23749047619047
2021-05-20,72.0,33.098600000000005,5697.0,71.28571428571429,40.24014047619047
2021-05-21,83.0,37.655950000000004,8237.0,74.42857142857143,37.0236119047619
2021-05-22,78.0,53.6563,2453.0,75.57142857142857,39.568669047619046
2021-05-23,73.0,29.6832,984.0,75.42857142857143,38.44734523809524
2021-05-24,72.0,70.12155,2129.0,74.28571428571429,44.124785714285714
2021-05-25,78.0,28.262050000000002,2113.0,75.42857142857143,43.6465142857143
2021-05-26,75.0,58.60933333333333,4457.0,75.85714285714286,44.44099761904762
2021-05-27,67.0,,3844.0,75.14285714285714,
2021-05-28,82.0,28.3417,5596.0,75.0,
2021-05-29,67.0,37.5793,7380.0,73.42857142857143,
2021-05-30,63.0,49.9709,6555.0,72.0,
2021-05-31,76.0,33.7662,18856.0,72.57142857142857,
2021-06-01,77.0,33.11465,4350.0,72.42857142857143,
2021-06-02,77.0,42.4456,3180.0,72.71428571428571,
2021-06-03,73.0,22.8087,5141.0,73.57142857142857,35.43243571428572
2021-06-04,71.0,23.9405,3244.0,72.0,34.803692857142856
2021-06-05,63.0,37.795125,6797.0,71.42857142857143,34.834525
2021-06-06,87.0,24.3657,11197.0,74.85714285714286,31.176639285714284
2021-06-07,76.0,51.32706666666667,4405.0,74.85714285714286,33.68533452380952
2021-06-08,70.0,39.034733333333335,1920.0,73.85714285714286,34.531060714285715
2021-06-09,66.0,45.3349,3244.0,72.28571428571429,34.943817857142854
2021-06-10,76.0,27.32686666666667,5366.0,72.71428571428571,35.58927023809524
2021-06-11,70.0,35.2467,3298.0,72.57142857142857,37.20444166666666
2021-06-12,70.0,39.16146666666666,7852.0,73.57142857142857,37.399633333333334
2021-06-13,68.0,34.35255,5270.0,70.85714285714286,38.826326190476195
2021-06-14,71.0,54.96189999999999,2555.0,70.14285714285714,39.34558809523809
2021-06-15,69.0,46.175625000000004,4167.0,70.0,40.36571547619047
2021-06-16,71.0,38.1508,3648.0,70.71428571428571,39.339415476190474
2021-06-17,76.0,58.6147,4232.0,70.71428571428571,43.809105952380946
2021-06-18,75.0,22.984225,5587.0,71.42857142857143,42.057323809523815
2021-06-19,70.0,39.01583333333333,3968.0,71.42857142857143,42.036519047619045
2021-06-20,83.0,28.9983,5029.0,73.57142857142857,41.27162619047619
2021-06-21,82.0,30.60166666666667,13867.0,75.14285714285714,37.79159285714286
2021-06-22,68.0,28.9852,2200.0,75.0,35.33581785714286
2021-06-23,68.0,34.3529,14234.0,74.57142857142857,34.793260714285715
2021-06-24,69.0,49.01065,9490.0,73.57142857142857,33.42125357142857
2021-06-25,69.0,30.2673,10960.0,72.71428571428571,34.46169285714286
2021-06-26,71.0,,10355.0,72.85714285714286,
2021-06-27,73.0,34.60575,5720.0,71.42857142857143,
2021-06-28,68.0,45.7272,6341.0,69.42857142857143,
2021-06-29,69.0,43.57150000000001,4186.0,69.57142857142857,
2021-06-30,78.0,28.7421,6288.0,71.0,
2021-07-01,67.0,46.02585,1549.0,70.71428571428571,
2021-07-02,72.0,33.2359,5266.0,71.14285714285714,
2021-07-03,72.0,38.6597,4879.0,71.28571428571429,38.652571428571434
2021-07-04,72.0,37.87825,8541.0,71.14285714285714,39.12007142857143
2021-07-05,69.0,36.2371,2861.0,71.28571428571429,37.764342857142864
2021-07-06,71.0,36.8384,3865.0,71.57142857142857,36.80247142857143
2021-07-07,,31.226700000000005,14075.0,,37.15741428571429
2021-07-08,68.0,41.12056666666667,6244.0,,36.45665952380953
2021-07-09,73.0,31.425,2072.0,,36.19795952380952
2021-07-10,73.0,46.7166,4814.0,,37.34894523809525
2021-07-11,70.0,40.692933333333336,4696.0,,37.751042857142856
2021-07-12,79.0,25.05715,4166.0,,36.15390714285714
2021-07-13,69.0,37.15615,2488.0,,36.1993
2021-07-14,66.0,53.629000000000005,1832.0,71.14285714285714,39.39962857142858
2021-07-15,73.0,19.3132,3141.0,71.85714285714286,36.28429047619048
2021-07-16,77.0,23.9497,5267.0,72.42857142857143,35.216390476190476
2021-07-17,89.0,21.8823,6779.0,74.71428571428571,31.668633333333332
2021-07-18,84.0,19.5516,7375.0,76.71428571428571,28.648442857142857
2021-07-19,80.0,31.91755,3425.0,76.85714285714286,29.6285
2021-07-20,73.0,36.3,8639.0,77.42857142857143,29.50619285714286
2021-07-21,77.0,32.7928,8024.0,79.0,26.52959285714286
2021-07-22,80.0,29.394825,9319.0,80.0,27.969825000000004
2021-07-23,72.0,29.621,4627.0,79.28571428571429,28.780010714285712
2021-07-24,72.0,39.98466666666667,3292.0,76.85714285714286,31.366063095238097
2021-07-25,73.0,31.3518,4228.0,75.28571428571429,33.05180595238095
2021-07-26,69.0,35.7351,10938.0,73.71428571428571,33.59717023809524
2021-07-27,73.0,33.801066666666664,3605.0,73.71428571428571,33.24017976190476
2021-07-28,80.0,33.537725,7139.0,74.14285714285714,33.34659761904762
2021-07-29,73.0,34.740725,13499.0,73.14285714285714,34.11029761904762
2021-07-30,69.0,69.55510000000001,4717.0,72.71428571428571,39.81516904761905
2021-07-31,66.0,48.694325,9636.0,71.85714285714286,41.05940595238095
2021-08-01,75.0,43.3358,5372.0,72.14285714285714,42.77140595238095
2021-08-02,83.0,17.5597,6249.0,74.14285714285714,40.17492023809524
2021-08-03,83.0,44.2909,5499.0,75.57142857142857,41.67346785714286
2021-08-04,78.0,21.235233333333333,8773.0,75.28571428571429,39.91596904761905
2021-08-05,75.0,36.674033333333334,4548.0,75.57142857142857,40.19215595238096
2021-08-06,75.0,36.50086666666667,8478.0,76.42857142857143,35.47012261904762
2021-08-07,65.0,41.719033333333336,9336.0,76.28571428571429,34.47365238095238
2021-08-08,69.0,33.2339,5552.0,75.42857142857143,33.03052380952381
2021-08-09,78.0,35.50683333333333,11721.0,74.71428571428571,35.5944
2021-08-10,73.0,27.828575,6252.0,73.28571428571429,33.24263928571428
2021-08-11,73.0,41.972,5996.0,72.57142857142857,36.20503452380952
2021-08-12,85.0,28.175275,7470.0,74.0,34.990926190476195
2021-08-13,79.0,17.8045,6729.0,74.57142857142857,32.32001666666667
2021-08-14,85.0,65.35915,5533.0,77.42857142857143,35.69717619047619
2021-08-15,78.0,35.06126666666667,4591.0,78.71428571428571,35.95822857142857
2021-08-16,84.0,26.5071,9598.0,79.57142857142857,34.67255238095238
2021-08-17,76.0,29.6562,7175.0,80.0,34.93364166666667
2021-08-18,80.0,22.660400000000003,7464.0,81.0,32.174841666666666
2021-08-19,77.0,40.5447,9354.0,79.85714285714286,33.94190238095238
2021-08-20,78.0,34.349875,9017.0,79.71428571428571,36.30552738095238
2021-08-21,74.0,33.85998,6413.0,78.14285714285714,31.805645952380953
2021-08-22,78.0,35.73976666666667,1265.0,78.14285714285714,31.902574523809527
2021-08-23,79.0,29.80316666666667,6178.0,77.42857142857143,32.37344119047619
2021-08-24,77.0,43.8741,8088.0,77.57142857142857,34.40456976190476
2021-08-25,74.0,29.467125,6167.0,76.71428571428571,35.376959047619046
2021-08-26,85.0,14.5436,16978.0,77.85714285714286,31.662516190476193
2021-08-27,74.0,43.95745,9182.0,77.28571428571429,33.03502690476191
2021-08-28,73.0,31.4169,4244.0,77.14285714285714,32.68601547619048
2021-08-29,75.0,14.3674,9166.0,76.71428571428571,29.63282023809524
2021-08-30,82.0,18.4242,9943.0,77.14285714285714,28.00725357142857
2021-08-31,71.0,28.75186666666667,6647.0,76.28571428571429,25.846934523809523
2021-09-01,77.0,31.079,8230.0,76.71428571428571,26.07720238095238
2021-09-02,68.0,50.873,14246.0,74.28571428571429,31.267116666666663
2021-09-03,98.0,19.4970175,5609.0,77.71428571428571,27.772769166666667
2021-09-04,82.0,20.499066666666668,2071.0,79.0,26.213078690476188
2021-09-05,87.0,21.9381,4222.0,80.71428571428571,27.294607261904762
2021-09-06,85.0,33.678000000000004,3160.0,81.14285714285714,29.47372154761905
2021-09-07,74.0,29.471866666666667,6925.0,81.57142857142857,29.576578690476193
2021-09-08,82.0,31.0166,6684.0,82.28571428571429,29.567664404761906
2021-09-09,88.0,8.39084,7399.0,85.14285714285714,23.49878440476191
2021-09-10,79.0,19.609266666666667,9576.0,82.42857142857143,23.514820000000004
2021-09-11,77.0,18.8381,12167.0,81.71428571428571,23.27753904761905
2021-09-12,84.0,48.9237,4291.0,81.28571428571429,27.13262476190476
2021-09-13,77.0,24.70566666666667,10792.0,80.14285714285714,25.850862857142857
2021-09-14,74.0,34.558725,8689.0,80.14285714285714,26.577556904761902
2021-09-15,74.0,35.739374999999995,10494.0,79.0,27.252239047619046
2021-09-16,78.0,21.075,7269.0,77.57142857142857,29.064261904761903
2021-09-17,64.0,,19375.0,75.42857142857143,
2021-09-18,67.0,79.2291,15612.0,74.0,
2021-09-19,75.0,27.89375,2635.0,72.71428571428571,
2021-09-20,76.0,32.3164,7530.0,72.57142857142857,
2021-09-21,77.0,57.7354,9584.0,73.0,
2021-09-22,75.0,31.8236,12494.0,73.14285714285714,
2021-09-23,80.5,34.685225,15703.0,73.5,
2021-09-24,77.0,18.6204,20595.0,75.35714285714286,40.329125
2021-09-25,,24.02175,17516.0,,32.44236071428571
2021-09-26,90.0,30.012,10940.0,,32.74496785714286
2021-09-27,90.0,22.8741,16687.0,,31.396067857142857
2021-09-28,82.0,30.39655,15769.0,,27.49051785714286
2021-09-29,72.0,26.368180000000002,14141.0,,26.711172142857148
2021-09-30,81.0,24.0935,17274.0,,25.198068571428568
2021-10-01,97.0,18.1668,9811.0,,25.133268571428573
2021-10-02,,26.99125,6213.0,,25.557482857142855
2021-10-03,72.0,52.0042,8459.0,,28.699225714285713
2021-10-05,83.0,39.58698,6517.0,,31.08678
2021-10-06,82.0,29.053166666666666,5627.0,,30.8948680952381
2021-10-07,81.0,29.749066666666668,10684.0,,31.377851904761904
2021-10-08,76.0,29.592075,10364.0,,32.16336261904762
2021-10-09,,46.7259,17817.0,,36.24323404761905
2021-10-10,82.0,24.195333333333338,1954.0,,35.84381738095238
2021-10-11,79.0,33.71216666666667,2298.0,,33.230669761904764
2021-10-12,80.0,23.2856,4817.0,,30.90190119047619
2021-10-13,74.0,27.045225,4417.0,,30.61505238095238
2021-10-14,73.0,27.97674,7727.0,,30.361862857142857
2021-10-15,75.0,46.4482,15903.0,,32.76988071428571
2021-10-17,81.0,25.75245,7014.0,77.71428571428571,29.77367357142857
2021-10-18,80.0,25.439799999999998,6625.0,77.42857142857143,29.951454523809524
2021-10-19,75.0,31.1764,7882.0,76.85714285714286,29.589202142857143
2021-10-20,78.0,28.2406,7556.0,76.57142857142857,30.297059285714283
2021-10-21,68.0,37.282133333333334,6007.0,75.71428571428571,31.759474761904762
2021-10-22,76.0,27.052349999999997,10857.0,76.14285714285714,31.627419047619046
2021-10-23,87.0,32.689225,5249.0,77.85714285714286,29.661851190476195
2021-10-24,69.0,33.405775,2817.0,76.14285714285714,30.75518333333333
2021-10-25,73.0,32.288650000000004,5456.0,75.14285714285714,31.73359047619048
2021-10-26,80.0,24.187299999999997,11313.0,75.85714285714286,30.73514761904762
2021-10-27,75.0,25.700400000000002,4621.0,75.42857142857143,30.372261904761906
2021-10-28,81.0,25.988,8804.0,77.28571428571429,28.758814285714287
2021-10-29,78.0,37.695,11513.0,77.57142857142857,30.279192857142856
2021-10-30,81.0,35.11905,4039.0,76.71428571428571,30.62631071428572
2021-10-31,83.0,25.202025,2391.0,78.71428571428571,29.45434642857143
2021-11-01,78.0,38.9443,7843.0,79.42857142857143,30.40515357142857
2021-11-02,85.0,19.9609,5985.0,80.14285714285714,29.80138214285714
2021-11-03,85.0,21.447066666666668,9209.0,81.57142857142857,29.193763095238094
2021-11-04,74.0,20.0741,10183.0,80.57142857142857,28.34892023809524
2021-11-05,78.0,,15704.0,80.57142857142857,
2021-11-06,76.0,28.7348,8699.0,79.85714285714286,
2021-11-07,89.0,27.2527,9732.0,80.71428571428571,
2021-11-08,77.0,29.25985,6857.0,80.57142857142857,
2021-11-09,83.0,32.0665,8226.0,80.28571428571429,
2021-11-10,77.0,31.171733333333332,6176.0,79.14285714285714,
2021-11-11,85.0,24.7995,13187.0,80.71428571428571,
2021-11-12,80.0,47.01946,8099.0,81.0,31.472077619047617
2021-11-13,92.0,27.38595,5658.0,83.28571428571429,31.279384761904762
2021-11-14,95.0,19.028466666666667,6923.0,84.14285714285714,30.104494285714285
2021-11-15,81.0,25.3744,6850.0,84.71428571428571,29.549429999999997
2021-11-16,80.0,16.357174999999998,5728.0,84.28571428571429,27.305240714285713
2021-11-17,81.0,27.442500000000003,6794.0,84.85714285714286,26.772493095238097
2021-11-18,83.0,23.328875,9125.0,84.57142857142857,26.56240380952381
2021-11-19,72.0,19.871233333333333,12338.0,83.42857142857143,22.684085714285715
2021-11-20,89.0,37.9914,10285.0,83.0,24.19915
2021-11-21,82.0,21.521766666666668,2371.0,81.14285714285714,24.555335714285714
2021-11-22,70.0,27.31745,7949.0,79.57142857142857,24.832914285714285
2021-11-24,59.0,33.7055,7796.0,76.57142857142857,27.311246428571426
2021-11-25,75.0,32.325,2516.0,75.71428571428571,28.00874642857143
2021-11-26,83.0,26.707124999999998,6587.0,75.71428571428571,28.49135357142857
2021-11-28,85.0,38.7379,2800.0,77.57142857142857,31.18659166666667
2021-11-29,75.0,29.10723333333333,5302.0,75.57142857142857,29.917425
2021-11-30,73.0,34.90208,6187.0,74.28571428571429,31.82889833333333
2021-12-01,70.0,19.822699999999998,11371.0,74.28571428571429,30.75821976190476
2021-12-02,74.0,29.759149999999998,8814.0,76.42857142857143,30.194455476190477
2021-12-03,76.0,28.4711,6631.0,76.57142857142857,29.643898333333333
2021-12-04,71.0,43.5014,6629.0,74.85714285714286,32.043080476190475
2021-12-06,75.0,37.50206,6494.0,73.42857142857143,31.8665319047619
2021-12-07,69.0,36.2384,5599.0,72.57142857142857,32.88527
2021-12-08,69.0,37.32455,5468.0,72.0,33.231337142857136
2021-12-09,74.0,29.598000000000003,6221.0,72.57142857142857,34.62780857142857
2021-12-10,75.0,27.2414,10661.0,72.71428571428571,34.26813
2021-12-11,68.0,34.73485,10340.0,71.57142857142857,35.162951428571425
2021-12-12,79.0,26.974966666666663,2628.0,72.71428571428571,32.80203238095238
2021-12-13,76.0,29.01945,4282.0,72.85714285714286,31.590230952380953
2021-12-14,82.0,23.584,3068.0,74.71428571428571,29.782459523809525
2021-12-15,70.0,32.5279,5382.0,74.85714285714286,29.097223809523808
2021-12-16,70.0,23.31635,5259.0,74.28571428571429,28.199845238095236
2021-12-17,62.0,29.52395,8591.0,72.42857142857143,28.52592380952381
2021-12-18,69.0,34.892475,1652.0,72.57142857142857,28.548441666666665
2021-12-20,70.0,25.8572,6845.0,71.28571428571429,28.388760714285716
2021-12-21,57.0,,2029.0,68.57142857142857,
2021-12-22,,35.9466,7669.0,,
2021-12-23,69.0,34.2641,2670.0,,
2021-12-24,78.0,51.39,9406.0,,
2021-12-25,83.0,37.5845,5691.0,,
2021-12-26,76.0,56.44715000000001,3796.0,,
2021-12-27,70.0,31.7525,7126.0,,
2021-12-28,58.0,,11541.0,,
2021-12-29,52.0,20.9143,8846.0,69.42857142857143,
2021-12-30,60.0,,21548.0,68.14285714285714,
2021-12-31,61.0,40.48845,13742.0,65.71428571428571,
2022-01-01,70.0,31.219,9310.0,63.857142857142854,
2022-01-04,70.0,34.7978,10863.0,63.0,
2022-01-05,70.0,,6064.0,63.0,
2022-01-06,67.0,40.72415,6554.0,64.28571428571429,
2022-01-10,73.0,36.78646666666666,5263.0,67.28571428571429,
2022-01-11,78.0,30.8101,5315.0,69.85714285714286,
2022-01-12,75.0,26.275,4798.0,71.85714285714286,
2022-01-13,74.0,37.8723,5200.0,72.42857142857143,
2022-01-14,59.0,54.1249,7814.0,70.85714285714286,
2022-01-15,67.0,35.2074,3937.0,70.42857142857143,37.40004523809523
2022-01-17,72.0,60.8102,4007.0,71.14285714285714,40.26948095238095
2022-01-18,76.0,35.2305,6388.0,71.57142857142857,40.0472
2022-01-19,75.0,39.11026666666667,5223.0,71.14285714285714,41.23293809523809
2022-01-20,81.0,38.04235,7099.0,72.0,42.91398809523809
2022-01-21,57.0,24.000866666666667,9784.0,69.57142857142857,40.93235476190476
2022-01-22,85.0,24.09,6876.0,73.28571428571429,36.64165476190476
2022-01-23,73.0,41.4936,4761.0,74.14285714285714,37.539683333333336
2022-01-24,75.0,26.278666666666666,5547.0,74.57142857142857,32.606607142857136
2022-01-25,66.0,21.5921,7284.0,73.14285714285714,30.658264285714285
2022-01-26,70.0,17.9826,10309.0,72.42857142857143,27.64002619047619
2022-01-27,73.0,49.57586666666666,8795.0,71.28571428571429,29.287671428571425
2022-01-28,73.0,28.75395,7118.0,73.57142857142857,29.96668333333333
2022-01-29,64.0,24.995,5975.0,70.57142857142857,30.095969047619043
2022-01-30,71.0,30.1652,1848.0,70.28571428571429,28.47762619047619
2022-01-31,74.0,38.2965,5557.0,70.14285714285714,30.19445952380952
2022-02-01,79.0,38.0349,6953.0,72.0,32.54343095238095
2022-02-02,68.0,44.33435,6752.0,71.71428571428571,36.307966666666665
2022-02-05,,25.3759,4273.0,,32.85082857142857
2022-02-07,75.0,42.285666666666664,7038.0,,34.783930952380956
2022-02-08,75.0,33.31256666666667,12854.0,,35.97215476190477
2022-02-09,70.0,56.70763333333334,11613.0,,39.76393095238096
2022-02-10,75.0,27.5476,8678.0,,38.22837380952381
2022-02-11,78.0,36.395833333333336,7723.0,,37.994221428571436
2022-02-12,70.0,,5904.0,,
2022-02-13,86.0,32.3472,11105.0,75.57142857142857,
2022-02-14,74.0,37.9498,9787.0,75.42857142857143,
2022-02-15,84.0,35.3001,5046.0,76.71428571428571,
2022-02-16,88.0,22.612800000000004,10840.0,79.28571428571429,
2022-02-17,80.0,20.2237,5990.0,80.0,
2022-02-19,76.0,22.503500000000003,3557.0,79.71428571428571,
2022-02-20,71.0,48.865700000000004,6742.0,79.85714285714286,31.40040000000001
2022-02-21,78.0,54.161699999999996,4446.0,78.71428571428571,34.516757142857145
2022-02-22,70.0,58.698750000000004,12520.0,78.14285714285714,37.48089285714286
2022-02-23,68.0,56.8584,6634.0,75.85714285714286,40.56065
2022-02-25,63.0,51.5561,5597.0,72.28571428571429,44.69540714285715
2022-02-26,,59.4096,4787.0,,50.29339285714286
2022-02-28,70.0,44.9062,7312.0,,53.49377857142857
2022-03-01,72.0,44.01766666666666,8949.0,,52.801202380952375
2022-03-02,77.0,,24478.0,,
2022-03-03,84.0,29.583566666666666,19945.0,,
2022-03-04,71.0,,23424.0,,
2022-03-05,60.0,50.5427,10008.0,,
2022-03-06,67.0,33.39425,3361.0,71.57142857142857,
2022-03-07,,42.1537,5673.0,,
2022-03-08,,71.1666,3092.0,,
2022-03-10,74.0,,2033.0,,
2022-03-11,64.0,,2463.0,,
2022-03-13,74.0,33.36275,2864.0,,
2022-03-14,73.0,32.51755,7065.0,,
2022-03-15,75.0,27.31566666666667,8680.0,,
2022-03-16,74.0,24.116950000000003,10027.0,,
2022-03-17,59.0,65.3668,8048.0,70.42857142857143,
2022-03-18,67.0,,8398.0,69.42857142857143,
2022-03-19,77.0,41.2447,1960.0,71.28571428571429,
2022-03-20,66.0,48.583,1431.0,70.14285714285714,
2022-03-21,76.0,32.94916666666666,6962.0,70.57142857142857,
2022-03-22,69.0,43.077,6754.0,69.71428571428571,
2022-03-23,67.0,29.1274,8955.0,68.71428571428571,
2022-03-24,78.0,30.34995,6666.0,71.42857142857143,
2022-03-25,71.0,28.951633333333334,7837.0,72.0,36.326121428571426
2022-03-29,83.0,21.664450000000002,6752.0,72.85714285714286,33.52894285714286
2022-03-30,75.0,31.6613,4510.0,74.14285714285714,31.111557142857144
2022-03-31,74.0,21.122,9024.0,73.85714285714286,29.421961904761904
2022-04-01,77.0,40.765474999999995,7275.0,75.0,29.091744047619045
2022-04-02,63.0,47.7271,12275.0,74.42857142857143,31.74884404761905
2022-04-03,78.0,,1470.0,74.42857142857143,
2022-04-04,71.0,49.90776666666667,6161.0,74.42857142857143,
2022-04-05,65.0,42.330675,8089.0,71.85714285714286,
2022-04-06,74.0,48.56005,13547.0,71.71428571428571,
2022-04-07,64.0,33.133250000000004,6061.0,70.28571428571429,
2022-04-08,65.0,27.3546,20455.0,68.57142857142857,
2022-04-11,68.0,45.837799999999994,5836.0,69.28571428571429,
2022-04-12,69.0,42.244960000000006,7093.0,68.0,41.3384430952381
2022-04-13,71.0,94.81395,6483.0,68.0,47.75361214285714
2022-04-14,72.0,31.344,6399.0,69.0,46.184087142857145
2022-04-15,,98.0526,6142.0,,53.25445142857143
2022-04-16,66.0,53.50975,12000.0,,56.16537999999999
2022-04-17,75.0,35.94365,5101.0,,57.392387142857146
2022-04-18,69.0,43.77933333333334,6086.0,,57.09832047619047
2022-04-19,66.0,36.9405,4853.0,,56.340540476190476
2022-04-20,60.0,41.26235,8241.0,,48.690311904761906
2022-04-21,61.0,44.979875,7648.0,,50.638294047619056
2022-04-22,65.0,28.59945,15895.0,66.0,40.716415476190484
2022-04-23,76.0,37.069199999999995,7542.0,67.42857142857143,38.36776547619048
2022-04-25,73.0,37.829499999999996,8203.0,67.14285714285714,38.637172619047625
2022-04-26,66.0,30.8273,10512.0,66.71428571428571,36.786882142857145
2022-04-27,68.0,35.5712,8049.0,67.0,36.59126785714285
2022-04-28,69.0,37.053219999999996,11683.0,68.28571428571429,35.98996357142857
2022-04-29,68.0,39.647825,8661.0,69.28571428571429,35.22824214285714
2022-05-01,66.0,31.74595,1877.0,69.42857142857143,35.67774214285714
2022-05-02,70.0,47.06936666666667,3427.0,68.57142857142857,37.106337380952375
2022-05-03,59.0,29.392433333333333,11465.0,66.57142857142857,35.90104214285714
2022-05-04,69.0,41.077749999999995,13785.0,67.0,37.36539214285715
2022-05-05,68.0,51.885875,18197.0,67.0,39.696059999999996
2022-05-06,64.0,15.00774,9976.0,66.28571428571429,36.546705714285714
2022-05-07,71.0,25.105525,24231.0,66.71428571428571,34.469234285714286
2022-05-11,72.0,25.03145,7571.0,67.57142857142857,33.510020000000004
2022-05-12,74.0,28.773699999999998,17100.0,68.14285714285714,30.896353333333334
2022-05-13,61.0,29.414959999999997,28772.0,68.42857142857143,30.899571428571427
2022-05-14,67.0,21.273605,3923.0,68.14285714285714,28.07040785714285
2022-05-15,62.0,33.43985,17000.0,67.28571428571429,25.435261428571426
2022-05-16,,38.9718,8941.0,,28.85869857142857
2022-05-29,75.0,36.76396666666667,11518.0,,30.524190238095237
2022-06-02,66.0,18.4035,3387.0,,29.57734023809524
2022-06-04,,34.91315,9221.0,,30.454404523809526
2022-06-06,77.0,28.441699999999997,3367.0,,30.31536738095238
2022-06-08,68.0,45.588966666666664,3588.0,,33.78899047619048
2022-06-09,78.0,14.384294999999998,6432.0,,31.066768333333332
2022-06-10,69.0,29.45153333333333,3041.0,,29.70673023809524
2022-06-11,71.0,35.4209,3720.0,,29.51486357142857
2022-06-12,70.0,23.2923,6584.0,,30.21326357142857
2022-06-13,78.0,23.910433333333334,4405.0,73.0,28.641446904761903
2022-06-14,74.0,36.16795,6289.0,72.57142857142857,29.745196904761904
2022-06-15,71.0,40.080525,4274.0,73.0,28.958276666666666
2022-06-16,78.0,35.164950000000005,2882.0,73.0,31.926941666666668
2022-06-18,,27.2527,2589.0,,31.61282261904762
2022-06-20,69.0,36.639025000000004,5457.0,,31.786840476190473
2022-06-21,73.0,23.866500000000002,6643.0,,31.86886904761905
2022-06-22,67.0,39.16895,5161.0,,34.048657142857145
2022-06-23,72.0,15.02965,5746.0,,31.0289
2022-06-24,,21.923,1893.0,,28.43496785714286
2022-06-25,79.0,37.165275,4158.0,,28.720728571428573
2022-06-26,70.0,55.09226666666666,3450.0,,32.697809523809525
2022-06-28,,23.08605,9436.0,,30.76167023809524
2022-06-29,77.0,44.818,3500.0,,33.75474166666667
2022-06-30,74.0,26.4381,5233.0,,31.93604880952381
2022-07-01,70.0,36.655566666666665,6399.0,,35.025465476190476
2022-07-02,72.0,30.5135,6215.0,,36.25267976190476
2022-07-04,67.0,46.926500000000004,8901.0,,37.64714047619048
2022-07-05,63.0,19.17365,4037.0,,32.515909523809526
2022-07-06,67.0,33.12525,14382.0,70.0,33.95008095238095
2022-07-07,71.0,34.84255,3239.0,69.14285714285714,32.525016666666666
2022-07-08,65.0,36.81755,6188.0,67.85714285714286,34.007795238095234
2022-07-09,67.0,34.1595,4063.0,67.42857142857143,33.65121428571429
2022-07-10,,18.588333333333335,1572.0,,31.94761904761905
2022-07-11,72.0,20.854,3176.0,,28.222976190476192
2022-07-12,70.0,30.20573333333333,4928.0,,29.798988095238094
2022-07-13,62.0,26.097633333333334,3630.0,,28.795042857142857
2022-07-14,72.0,38.92665,8500.0,,29.378485714285716
2022-07-15,68.0,30.6067,7250.0,,28.49122142857143
2022-07-16,64.33333333333333,40.096000000000004,23458.0,,29.339292857142855
2022-07-17,,47.672399999999996,21666.0,,33.49415952380952
2022-07-19,66.0,30.03976666666667,12523.0,,34.80641190476191
2022-07-21,69.0,27.73842,31405.0,,34.45393857142857
2022-07-22,66.0,39.767066666666665,17589.0,,36.40671476190476
2022-07-23,69.0,27.562375,33992.0,,34.7832469047619
2022-07-24,,37.877125,10748.0,,35.82187904761905
2022-07-25,78.0,32.2166,3760.0,,34.69625047619048
2022-07-26,71.0,38.209466666666664,2509.0,,33.34440285714286
2022-07-27,71.0,34.91363333333333,7955.0,,34.04066952380952
2022-07-28,,36.8123,1120.0,,35.3369380952381
2022-07-29,73.0,29.431375000000003,5231.0,,33.86041071428571
2022-07-30,,21.024266666666666,15670.0,,32.92639523809523
2022-08-02,64.0,38.99,6107.0,,33.08537738095238
2022-08-03,81.0,,2068.0,,
2022-08-04,69.0,26.9512,3887.0,,
2022-08-05,77.0,14.1994,5394.0,,
2022-08-06,,16.3506,6050.0,,
2022-08-07,81.0,30.3273,4774.0,,
2022-08-09,85.0,30.112333333333336,6225.0,,
2022-08-10,85.0,27.30945,7502.0,,
2022-08-11,71.0,21.32643333333333,16797.0,,23.79667380952381
2022-08-12,68.0,25.11752,16247.0,,23.53471952380952
2022-08-13,64.0,34.77436666666667,15692.0,,26.474000476190476
2022-08-14,68.0,38.677933333333335,29325.0,74.57142857142857,29.663619523809523
2022-08-15,86.0,24.575433333333336,20491.0,75.28571428571429,28.84192428571429
2022-08-16,67.0,26.122,5217.0,72.71428571428571,28.271876666666667
2022-08-17,70.0,39.14905,17080.0,70.57142857142857,29.963248095238097
2022-08-18,79.0,52.1753,5155.0,71.71428571428571,34.37022904761905
2022-08-19,74.0,35.7335,1061.0,72.57142857142857,35.88679761904762
2022-08-20,78.0,23.07945,7247.0,74.57142857142857,34.21609523809524
2022-08-21,72.0,28.033,18332.0,75.14285714285714,32.695390476190475
2022-08-22,83.0,29.5749,19482.0,74.71428571428571,33.409600000000005
2022-08-23,83.0,25.339133333333333,19315.0,77.0,33.297761904761906
2022-08-24,72.0,24.72285,24225.0,77.28571428571429,31.236876190476192
2022-08-25,74.0,15.045225,15646.0,76.57142857142857,25.932579761904766
2022-08-26,73.0,18.06965,9369.0,76.42857142857143,23.409172619047617
2022-08-29,73.0,17.650479999999998,19909.0,75.71428571428571,22.63360547619048
2022-08-30,73.0,21.13505,28525.0,75.85714285714286,21.648184047619047
2022-08-31,70.0,30.114233333333335,16652.0,74.0,21.725231666666666
2022-09-01,71.0,26.490975,16240.0,72.28571428571429,21.889780476190477
2022-09-02,60.0,29.52285,17115.0,70.57142857142857,22.57549476190476
2022-09-06,71.0,25.1038,20397.0,70.14285714285714,24.012434047619045
2022-09-07,66.0,27.4378,23667.0,69.14285714285714,25.35074119047619
2022-09-08,84.0,26.8879,22897.0,70.71428571428571,26.67037261904762
2022-09-09,69.0,32.47554,12566.0,70.14285714285714,28.290442619047617
2022-09-10,75.0,35.778400000000005,4248.0,70.85714285714286,29.099609285714283
2022-09-11,76.0,27.757550000000002,6078.0,71.57142857142857,29.28054857142857
2022-09-12,82.0,17.772125,19542.0,74.71428571428571,27.60187357142857
2022-09-13,69.0,26.36355,15192.0,74.42857142857143,27.781837857142857
2022-09-14,66.0,13.23305,18919.0,74.42857142857143,25.752587857142856
2022-09-15,65.0,43.5938,10506.0,71.71428571428571,28.139145000000003
2022-09-16,61.0,21.003149999999998,18813.0,70.57142857142857,26.50023214285714
2022-09-18,,18.51795,6988.0,,24.03445357142857
2022-09-19,72.0,24.575899999999997,12678.0,,23.57993214285714
2022-09-20,67.0,30.372366666666665,15278.0,,25.379966666666665
2022-09-21,65.0,25.59476666666667,24774.0,,25.270140476190477
2022-09-22,74.0,30.415825,15715.0,,27.724822619047618
2022-09-23,71.0,39.45295,19477.0,,27.13327261904762
2022-09-24,83.0,23.298999999999996,10197.0,,27.461251190476187
2022-09-25,75.0,28.86135,13403.0,72.42857142857143,28.93887976190476
2022-09-26,75.0,24.60416,22109.0,72.85714285714286,28.94291690476191
2022-09-27,73.0,46.3126,4469.0,73.71428571428571,31.2200930952381
2022-09-28,96.0,21.635550000000002,14670.0,78.14285714285714,30.654490714285714
2022-09-29,,22.583,10258.0,,29.535515714285715
2022-09-30,,19.772199999999998,12673.0,,26.72398
2022-10-01,86.0,19.830133333333333,14018.0,,26.22842761904762
2022-10-02,61.0,27.176099999999998,10624.0,,25.987677619047616
2022-10-03,89.0,23.02116666666667,6692.0,,25.761535714285714
2022-10-04,91.0,26.7582,17702.0,,22.968049999999998
2022-10-05,71.0,29.937466666666666,31327.0,,24.154038095238093
2022-10-06,62.0,40.311499999999995,3464.0,,26.68668095238095
2022-10-07,66.0,12.2484,4310.0,75.14285714285714,25.611852380952378
2022-10-09,82.0,27.61085,9129.0,74.57142857142857,26.723383333333334
2022-10-10,94.0,25.5485,12530.0,79.28571428571429,26.490869047619046
2022-10-11,68.0,25.714533333333332,15760.0,76.28571428571429,26.875635714285714
2022-10-12,68.0,28.505650000000003,16844.0,73.0,27.12527142857143
2022-10-13,86.0,24.80905,17840.0,75.14285714285714,26.392640476190476
2022-10-14,74.0,33.136300000000006,6361.0,76.85714285714286,25.367611904761905
2022-10-15,79.0,34.29816666666667,10994.0,78.71428571428571,28.517578571428572
2022-10-16,76.0,21.6954,6472.0,77.85714285714286,27.67251428571429
2022-10-17,71.0,21.471453333333333,12665.0,74.57142857142857,27.09007904761905
2022-10-18,70.0,31.548000000000002,13603.0,74.85714285714286,27.92343142857143
2022-10-19,88.0,19.3534,16254.0,77.71428571428571,26.61596714285714
2022-10-20,68.0,21.62476666666667,14888.0,75.14285714285714,26.161069523809523
2022-10-21,82.0,37.35955,14165.0,76.28571428571429,26.764390952380953
2022-10-22,80.0,28.052275,12798.0,76.42857142857143,25.872120714285717
2022-10-23,78.0,28.70403333333333,8190.0,76.71428571428571,26.873354047619046
2022-10-24,77.0,22.921233333333333,7178.0,77.57142857142857,27.080465476190476
2022-10-25,78.0,25.351066666666668,22604.0,78.71428571428571,26.195189285714285
2022-10-26,44.0,28.9098,22292.0,72.42857142857143,27.560389285714287
2022-10-27,73.0,35.6608,14051.0,73.14285714285714,29.565536904761906
2022-10-28,71.0,20.6036,13097.0,71.57142857142857,27.171829761904764
2022-10-30,,13.488410000000002,10250.0,,25.091277619047617
2022-10-31,66.0,25.84485,16014.0,,24.68282285714286
2022-11-01,82.0,19.0758,11902.0,,24.133475238095237
2022-11-02,75.0,27.55413333333333,18321.0,,24.44819904761905
2022-11-03,77.0,29.4414,16016.0,,24.52414190476191
2022-11-04,90.0,25.413066666666666,12246.0,,23.06018
2022-11-05,,26.64725,9608.0,,23.923558571428572
2022-11-06,76.0,19.398166666666665,15241.0,,24.76780952380952
2022-11-07,85.0,25.795366666666666,10724.0,,24.760740476190474
2022-11-08,69.0,25.556866666666668,22953.0,,25.686607142857138
2022-11-10,86.0,18.0118,11671.0,,24.323416666666667
2022-11-11,72.0,25.18425,8141.0,,23.715252380952382
2022-11-12,66.0,38.788399999999996,12180.0,,25.626014285714284
2022-11-13,,44.2323,7856.0,,28.138164285714282
2022-11-14,80.0,28.0177,5419.0,,29.369526190476194
2022-11-15,76.0,45.414566666666666,9930.0,,32.17226904761905
2022-11-17,77.0,37.22985,12647.0,,33.8398380952381
2022-11-18,85.0,30.52716666666667,12752.0,,35.62774761904762
2022-11-20,57.0,33.94672,7622.0,,36.879529047619044
2022-11-21,88.0,38.28855,2641.0,,36.808121904761904
2022-11-22,65.0,19.697566666666663,9446.0,75.42857142857143,33.303160000000005
2022-11-23,69.0,30.976950000000002,8516.0,73.85714285714286,33.72591
2022-11-24,81.0,30.327166666666667,3431.0,74.57142857142857,31.570567142857147
2022-11-25,82.0,26.8967,7329.0,75.28571428571429,30.094402857142857
2022-11-26,73.0,35.5371,2911.0,73.57142857142857,30.810107619047617
2022-11-27,78.0,45.091350000000006,5025.0,76.57142857142857,32.40219761904762
2022-11-28,77.0,39.7672,4381.0,75.0,32.61343333333333
2022-11-29,63.0,,12523.0,74.71428571428571,
2022-11-30,77.0,27.8428,10828.0,75.85714285714286,
2022-12-01,71.0,20.5818,11421.0,74.42857142857143,
2022-12-02,68.0,32.3407,10554.0,72.42857142857143,
2022-12-05,73.0,38.689,20535.0,72.42857142857143,
2022-12-06,70.0,27.4164,10964.0,71.28571428571429,
2022-12-07,67.0,43.623025,13571.0,69.85714285714286,
2022-12-08,71.0,22.784925,16395.0,71.0,30.468378571428577
2022-12-09,80.0,31.6814,7499.0,71.42857142857143,31.016750000000002
2022-12-10,64.0,26.6149,7887.0,70.42857142857143,31.878621428571424
2022-12-11,74.0,35.11233333333333,6170.0,71.28571428571429,32.274569047619046
2022-12-12,80.0,30.137975,11371.0,72.28571428571429,31.05299404761905
2022-12-13,68.0,18.463833333333334,13544.0,72.0,29.774055952380955
2022-12-14,,70.2043,6946.0,,33.57138095238095
2022-12-15,82.0,24.305975,11608.0,,33.788673809523814
2022-12-16,83.0,20.28375,10128.0,,32.16043809523809
2022-12-29,69.0,23.971600000000002,8154.0,,31.782823809523812
2022-12-30,64.0,47.27715,8574.0,,33.520654761904765
2023-01-02,71.0,37.9968,2210.0,,34.643344047619046
2023-01-03,66.0,34.1651,3831.0,,36.886382142857144
2023-01-04,59.0,28.582349999999998,3601.0,70.57142857142857,30.940389285714286
2023-01-08,67.0,30.0428,1518.0,68.42857142857143,31.759935714285714
2023-01-09,84.0,16.68035,1108.0,68.57142857142857,31.245164285714285
2023-01-10,70.0,31.48625,9445.0,68.71428571428571,32.318685714285714
2023-01-12,75.0,30.8099,1725.0,70.28571428571429,29.96622142857143
2023-01-13,64.0,24.271966666666668,1981.0,69.28571428571429,28.00553095238095
2023-01-14,73.0,33.754850000000005,4583.0,70.28571428571429,27.94692380952381
2023-01-15,67.0,37.3883,5110.0,71.42857142857143,29.204916666666666
2023-01-16,55.0,43.15113333333333,2631.0,69.71428571428571,31.077535714285716
2023-01-17,67.0,27.8946,16395.0,67.28571428571429,32.67957142857143
2023-01-23,76.0,29.688766666666666,11049.0,68.14285714285714,32.42278809523809
2023-02-06,70.0,66.0357,18420.0,67.42857142857143,37.45504523809524
2023-02-28,,15.8408,9746.0,,36.250592857142856
2023-03-06,72.0,52.78835,14570.0,,38.96966428571428
2023-03-08,,40.1785,11713.0,,39.36826428571429
2023-03-10,67.0,40.08045,7824.0,,38.92959523809524
2023-03-15,71.0,42.30875,7037.0,,40.98875952380952
2023-03-18,93.0,17.76095,7720.0,,39.28478571428572
2023-03-19,,25.007,4128.0,,33.423542857142856
2023-03-20,60.0,26.4573,15094.0,,34.94018571428571
2023-03-24,62.0,39.498175,12976.0,,33.04158928571429
2023-03-25,59.0,37.1798,10914.0,,32.61320357142857
2023-03-30,75.0,38.117000000000004,11313.0,,32.33271071428572
2023-03-31,,17.5358,10220.0,,28.79371785714286
2023-04-20,,24.87695,16577.0,,29.810289285714283
2023-05-24,72.0,17.52723333333333,5277.0,,28.74175119047619
2023-05-28,75.0,32.14995,8018.0,,29.554986904761904
2023-06-17,83.0,21.07955,7521.0,,26.923754761904764
2023-06-18,65.0,34.594433333333335,7850.0,,26.55441666666667
2023-12-14,65.0,30.671400000000002,7836.0,,25.490759523809523
2023-12-16,,16.2832,3933.0,,25.311816666666665
2023-12-19,,39.611,5372.0,,27.41668095238095
2024-02-24,59.0,24.88985,16504.0,,28.468483333333335
2024-02-25,,43.0991,8257.0,,30.03264761904762
2024-02-28,70.0,40.1562,4990.0,,32.75788333333333
2024-02-29,59.0,55.208433333333325,4996.0,,35.70274047619048
2024-03-01,,34.804833333333335,4158.0,,36.29323095238095
2024-03-04,82.0,27.575066666666668,3207.0,,37.906354761904765
2024-03-05,56.0,21.820766666666668,7893.0,,35.36489285714286
2024-03-06,74.0,27.1016,2130.0,,35.68085714285714
2024-03-07,82.0,25.39145,7212.0,,33.15119285714285
2024-03-09,59.0,44.84936666666667,4821.0,,33.821645238095236
2024-03-10,63.0,42.4351,13091.0,,31.996883333333333
2024-03-12,61.0,46.585625,15917.0,68.14285714285714,33.67985357142857
2024-03-13,70.0,36.3412,3943.0,66.42857142857143,34.932158333333334
2024-03-14,68.0,35.71564,14879.0,68.14285714285714,36.917140238095236
2024-03-15,61.0,54.108875,9265.0,66.28571428571429,40.77532238095238
2024-03-16,53.0,42.281,13955.0,62.142857142857146,43.188115238095236
2024-03-22,59.0,48.125925,21316.0,62.142857142857146,43.656195000000004
